CPT300_Lane34Divest_08172020_Exp1,00007,0.396,0.484,0.541,0.863,2,0
CPT300_Lane34Divest_08172020_Exp1,00011,0.215,0.480,0.366,0.843,2,1
CPT300_Lane34Divest_08172020_Exp1,00011,0.212,0.477,0.368,0.845,2,2
CPT300_Lane34Divest_08172020_Exp1,00016,0.001,0.542,0.080,0.805,2,3
CPT300_Lane34Divest_08172020_Exp1,00023,0.001,0.574,0.071,0.805,2,4
CPT300_Lane34Divest_08172020_Exp1,00049,0.591,0.410,0.825,0.811,2,5
CPT300_Lane34Divest_08172020_Exp1,00056,0.684,0.385,0.836,0.729,2,6
CPT300_Lane34Divest_08172020_Exp1,00056,0.684,0.385,0.836,0.729,2,7
CPT300_Lane34Divest_08172020_Exp1,00059,0.624,0.388,0.770,0.792,2,8
CPT300_Lane34Divest_08172020_Exp1,00061,0.609,0.422,0.738,0.819,2,9
CPT300_Lane34Divest_08172020_Exp1,00063,0.380,0.401,0.628,0.838,2,10
CPT300_Lane34Divest_08172020_Exp1,00064,0.542,0.420,0.730,0.807,2,11
CPT300_Lane34Divest_08172020_Exp1,00067,0.370,0.416,0.530,0.840,2,12
CPT300_Lane34Divest_08172020_Exp1,00069,0.368,0.469,0.529,0.829,2,13
CPT300_Lane34Divest_08172020_Exp1,00078,0.252,0.460,0.422,0.916,2,14
CPT300_Lane34Divest_08172020_Exp1,00082,0.286,0.443,0.459,0.838,2,15
CPT300_Lane34Divest_08172020_Exp1,00087,0.421,0.492,0.628,0.843,2,16
CPT300_Lane34Divest_08172020_Exp1,00087,0.119,0.667,0.330,1.001,2,17
CPT300_Lane34Divest_08172020_Exp1,00087,0.422,0.489,0.686,0.834,2,18
CPT300_Lane34Divest_08172020_Exp1,00095,0.000,0.464,0.164,0.866,2,19
CPT300_Lane34Divest_08172020_Exp1,00199,0.684,0.455,0.830,0.860,2,20
CPT300_Lane34Divest_08172020_Exp1,00199,0.688,0.451,0.834,0.819,2,21
CPT300_Lane34Divest_08172020_Exp1,00227,0.562,0.383,0.723,0.820,2,22
CPT300_Lane34Divest_08172020_Exp1,00230,0.760,0.429,0.934,0.799,2,23
CPT300_Lane34Divest_08172020_Exp1,00230,0.762,0.414,0.884,0.811,2,24
CPT300_Lane34Divest_08172020_Exp1,00237,0.564,0.425,0.728,0.814,2,25
CPT300_Lane34Divest_08172020_Exp1,00268,0.551,0.399,0.703,0.805,2,26
CPT300_Lane34Divest_08172020_Exp1,00268,0.543,0.399,0.686,0.796,2,27
CPT300_Lane34Divest_08172020_Exp1,00278,0.627,0.427,0.770,0.866,2,28
CPT300_Lane34Divest_08172020_Exp1,00279,0.634,0.419,0.755,0.796,2,29
CPT300_Lane34Divest_08172020_Exp1,00295,0.727,0.438,0.934,0.814,2,30
CPT300_Lane34Divest_08172020_Exp1,00417,0.421,0.425,0.584,0.861,2,31
CPT300_Lane34Divest_08172020_Exp1,00418,0.393,0.451,0.568,0.868,2,32
CPT300_Lane34Divest_08172020_Exp1,00418,0.437,0.456,0.564,0.853,2,33
CPT300_Lane34Divest_08172020_Exp1,00420,0.395,0.499,0.568,0.861,2,34
CPT300_Lane34Divest_08172020_Exp1,00443,0.119,0.449,0.398,0.849,2,35
CPT300_Lane34Divest_08172020_Exp1,00445,0.120,0.504,0.402,0.846,2,36
CPT300_Lane34Divest_08172020_Exp1,00449,0.059,0.481,0.218,0.849,2,37
CPT300_Lane34Divest_08172020_Exp1,00455,0.058,0.495,0.181,0.853,2,38
CPT300_Lane34Divest_08172020_Exp1,00457,0.145,0.451,0.362,0.866,2,39
CPT300_Lane34Divest_08172020_Exp1,00461,0.039,0.512,0.172,0.850,2,40
CPT300_Lane34Divest_08172020_Exp1,00469,0.016,0.735,0.256,1.001,2,41
CPT300_Lane34Divest_08172020_Exp1,00471,0.069,0.514,0.188,0.900,2,42
CPT300_Lane34Divest_08172020_Exp1,00483,0.098,0.514,0.203,0.902,2,43
CPT300_Lane34Divest_08172020_Exp1,00488,0.077,0.480,0.223,0.891,2,44
CPT300_Lane34Divest_08172020_Exp1,00490,0.001,0.672,0.220,1.001,2,45
CPT300_Lane34Divest_08172020_Exp1,00492,0.248,0.507,0.415,0.858,2,46
CPT300_Lane34Divest_08172020_Exp1,00496,0.256,0.536,0.496,0.876,2,47
CPT300_Lane34Divest_08172020_Exp1,00506,0.775,0.412,0.908,0.752,2,48
CPT300_Lane34Divest_08172020_Exp1,00513,0.780,0.410,0.939,0.744,2,49
CPT300_Lane34Divest_08172020_Exp1,00516,0.759,0.334,0.887,0.752,2,50
CPT300_Lane34Divest_08172020_Exp1,00522,0.256,0.395,0.458,0.794,2,51
CPT300_Lane34Divest_08172020_Exp1,00524,0.234,0.448,0.411,0.866,2,52
CPT300_Lane34Divest_08172020_Exp1,00524,0.104,0.708,0.369,1.001,2,53
CPT300_Lane34Divest_08172020_Exp1,00546,0.008,0.481,0.146,0.834,2,54
CPT300_Lane34Divest_08172020_Exp1,00552,0.001,0.536,0.078,0.887,2,55
CPT300_Lane34Divest_08172020_Exp1,00554,0.001,0.505,0.142,0.831,2,56
CPT300_Lane34Divest_08172020_Exp1,00594,0.004,0.516,0.144,0.816,2,57
CPT300_Lane34Divest_08172020_Exp1,00597,0.001,0.505,0.175,0.834,2,58
CPT310_Lane3Infeed_08172020_Exp1,00012,0.688,0.001,1.001,0.595,2,0
CPT310_Lane3Infeed_08172020_Exp1,00013,0.682,0.001,0.959,0.601,2,1
CPT310_Lane3Infeed_08172020_Exp1,00020,0.282,0.134,0.566,0.599,2,2
CPT310_Lane3Infeed_08172020_Exp1,00024,0.279,0.158,0.573,0.574,2,3
CPT310_Lane3Infeed_08172020_Exp1,00026,0.107,0.056,0.495,0.726,2,4
CPT310_Lane3Infeed_08172020_Exp1,00026,0.069,0.449,0.359,0.996,2,5
CPT310_Lane3Infeed_08172020_Exp1,00029,0.039,0.366,0.357,1.001,2,6
CPT310_Lane3Infeed_08172020_Exp1,00041,0.018,0.438,0.334,0.996,2,7
CPT310_Lane3Infeed_08172020_Exp1,00091,0.016,0.578,0.336,1.001,2,8
CPT310_Lane3Infeed_08172020_Exp1,00092,0.113,0.380,0.600,0.988,2,9
CPT310_Lane3Infeed_08172020_Exp1,00092,0.116,0.362,0.433,0.988,2,10
CPT310_Lane3Infeed_08172020_Exp1,00094,0.123,0.386,0.604,0.944,2,11
CPT310_Lane3Infeed_08172020_Exp1,00096,0.463,0.001,0.829,0.666,2,12
CPT310_Lane3Infeed_08172020_Exp1,00098,0.184,0.393,0.820,0.983,2,13
CPT310_Lane3Infeed_08172020_Exp1,00288,0.135,0.121,0.434,0.806,2,14
CPT310_Lane3Infeed_08172020_Exp1,00290,0.041,0.107,0.427,0.919,2,15
CPT310_Lane3Infeed_08172020_Exp1,00293,0.111,0.446,0.398,1.001,2,16
CPT310_Lane3Infeed_08172020_Exp1,00297,0.001,0.496,0.387,0.955,2,17
CPT310_Lane3Infeed_08172020_Exp1,00301,0.267,0.328,0.759,1.001,2,18
CPT310_Lane3Infeed_08172020_Exp1,00302,0.057,0.080,0.435,0.684,2,19
CPT310_Lane3Infeed_08172020_Exp1,00303,0.332,0.312,0.887,0.953,2,20
CPT310_Lane3Infeed_08172020_Exp1,00304,0.057,0.399,0.526,0.990,2,21
CPT310_Lane3Infeed_08172020_Exp1,00306,0.046,0.419,0.455,0.953,2,22
CPT310_Lane3Infeed_08172020_Exp1,00307,0.155,0.420,0.705,0.946,2,23
CPT310_Lane3Infeed_08172020_Exp1,00310,0.087,0.431,0.380,1.001,2,24
CPT310_Lane3Infeed_08172020_Exp1,00311,0.165,0.440,0.459,1.001,2,25
CPT310_Lane3Infeed_08172020_Exp1,00318,0.243,0.404,0.516,1.001,2,26
CPT310_Lane3Infeed_08172020_Exp1,00319,0.152,0.435,0.515,1.001,2,27
CPT310_Lane3Infeed_08172020_Exp1,00450,0.609,0.001,0.839,0.634,2,28
CPT310_Lane3Infeed_08172020_Exp1,00453,0.580,0.006,0.820,0.634,2,29
CPT310_Lane3Infeed_08172020_Exp1,00456,0.606,0.001,0.848,0.637,2,30
CPT310_Lane3Infeed_08172020_Exp1,00457,0.371,0.369,0.820,1.001,2,31
CPT310_Lane3Infeed_08172020_Exp1,00458,0.788,0.059,1.001,0.661,2,32
CPT310_Lane3Infeed_08172020_Exp1,00462,0.512,0.009,0.848,0.654,2,33
CPT310_Lane3Infeed_08172020_Exp1,00470,0.663,0.384,0.995,1.001,2,34
CPT310_Lane3Infeed_08172020_Exp1,00472,0.591,0.001,0.868,0.755,2,35
CPT310_Lane3Infeed_08172020_Exp1,00478,0.527,0.024,0.792,0.615,2,36
CPT310_Lane3Infeed_08172020_Exp1,00478,0.508,0.453,0.751,1.001,2,37
CPT310_Lane3Infeed_08172020_Exp1,00482,0.570,0.001,1.001,0.669,2,38
CPT310_Lane3Infeed_08172020_Exp1,00482,0.280,0.449,0.702,1.001,2,39
CPT310_Lane3Infeed_08172020_Exp1,00483,0.165,0.574,0.500,0.990,2,40
CPT310_Lane3Infeed_08172020_Exp1,00484,0.620,0.001,0.872,0.759,2,41
CPT310_Lane3Infeed_08172020_Exp1,00485,0.117,0.554,0.435,1.001,2,42
CPT310_Lane3Infeed_08172020_Exp1,00487,0.366,0.401,0.697,1.001,2,43
CPT310_Lane3Infeed_08172020_Exp1,00489,0.636,0.001,0.922,0.690,2,44
CPT310_Lane3Infeed_08172020_Exp1,00491,0.294,0.302,0.923,0.974,2,45
CPT310_Lane3Infeed_08172020_Exp1,00497,0.173,0.419,0.905,0.953,2,46
CPT310_Lane3Infeed_08172020_Exp1,00501,0.284,0.401,0.896,0.983,2,47
CPT310_Lane3Infeed_08172020_Exp1,00503,0.169,0.444,0.528,0.991,2,48
CPT310_Lane3Infeed_08172020_Exp1,00506,0.306,0.482,0.729,1.001,2,49
CPT310_Lane3Infeed_08172020_Exp1,00513,0.165,0.505,0.537,1.001,2,50
CPT310_Lane3Infeed_08172020_Exp1,00513,0.095,0.001,0.433,0.746,2,51
CPT310_Lane3Infeed_08172020_Exp1,00514,0.037,0.435,0.434,1.001,2,52
CPT310_Lane3Infeed_08172020_Exp1,00515,0.108,0.485,0.431,1.001,2,53
CPT310_Lane3Infeed_08172020_Exp1,00527,0.352,0.380,0.747,1.001,2,54
CPT310_Lane3Infeed_08172020_Exp1,00533,0.217,0.035,0.647,0.610,2,55
CPT310_Lane3Infeed_08172020_Exp1,00534,0.088,0.419,0.422,1.001,2,56
CPT310_Lane3Infeed_08172020_Exp1,00536,0.459,0.029,0.790,0.640,2,57
CPT310_Lane3Infeed_08172020_Exp1,00547,0.442,0.003,0.812,0.623,2,58
CPT310_Lane3Infeed_08172020_Exp1,00554,0.088,0.435,0.401,1.001,2,59
CPT310_Lane3Infeed_08172020_Exp1,00554,0.189,0.077,0.570,0.759,2,60
CPT310_Lane3Infeed_08172020_Exp1,00555,0.366,0.052,0.806,0.627,2,61
CPT310_Lane3Infeed_08172020_Exp1,00555,0.102,0.414,0.377,1.001,2,62
CPT310_Lane3Infeed_08172020_Exp1,00557,0.042,0.404,0.380,0.959,2,63
CPT310_Lane3Infeed_08172020_Exp1,00558,0.104,0.401,0.440,1.001,2,64
CPT310_Lane3Infeed_08172020_Exp1,00559,0.062,0.365,0.405,0.966,2,65
CPT310_Lane3Infeed_08172020_Exp1,00562,0.048,0.407,0.399,1.001,2,66
CPT310_Lane3Infeed_08172020_Exp1,00595,0.353,0.050,0.740,0.604,2,67
CPT310_Lane3Infeed_08172020_Exp1,00596,0.290,0.339,0.574,1.001,2,68
CPT310_Lane3Infeed_08172020_Exp1,00598,0.420,0.050,0.845,0.616,2,69
CPT310_Lane3Infeed_08172020_Exp1,00598,0.342,0.059,0.712,0.604,2,70
CPT330_Lane3Exittunnel_08172020_Exp1,00066,0.583,0.203,0.870,0.506,2,0
CPT330_Lane3Exittunnel_08172020_Exp1,00066,0.498,0.154,0.869,0.586,2,1
CPT330_Lane3Exittunnel_08172020_Exp1,00126,0.605,0.004,0.907,0.461,2,2
CPT330_Lane3Exittunnel_08172020_Exp1,00134,0.684,0.079,0.940,0.490,2,3
CPT330_Lane3Exittunnel_08172020_Exp1,00151,0.537,0.291,0.915,0.764,2,4
CPT330_Lane3Exittunnel_08172020_Exp1,00151,0.536,0.286,0.920,0.797,2,5
CPT330_Lane3Exittunnel_08172020_Exp1,00168,0.252,0.163,0.602,0.546,2,6
CPT330_Lane3Exittunnel_08172020_Exp1,00171,0.209,0.268,0.573,0.812,2,7
CPT330_Lane3Exittunnel_08172020_Exp1,00175,0.169,0.306,0.558,0.631,2,8
CPT330_Lane3Exittunnel_08172020_Exp1,00213,0.266,0.052,0.552,0.631,2,9
CPT330_Lane3Exittunnel_08172020_Exp1,00333,0.512,0.036,0.857,0.550,2,10
CPT330_Lane3Exittunnel_08172020_Exp1,00347,0.481,0.174,0.834,0.476,2,11
CPT330_Lane3Exittunnel_08172020_Exp1,00347,0.511,0.171,0.836,0.578,2,12
CPT330_Lane3Exittunnel_08172020_Exp1,00352,0.543,0.105,0.828,0.555,2,13
CPT330_Lane3Exittunnel_08172020_Exp1,00353,0.591,0.096,0.830,0.818,2,14
CPT330_Lane3Exittunnel_08172020_Exp1,00355,0.489,0.064,0.767,0.681,2,15
CPT330_Lane3Exittunnel_08172020_Exp1,00360,0.586,0.055,0.810,0.686,2,16
CPT330_Lane3Exittunnel_08172020_Exp1,00363,0.528,0.129,0.747,0.757,2,17
CPT330_Lane3Exittunnel_08172020_Exp1,00536,0.564,0.221,0.907,0.650,2,18
CPT330_Lane3Exittunnel_08172020_Exp1,00537,0.588,0.189,0.910,0.823,2,19
CPT330_Lane3Exittunnel_08172020_Exp1,00540,0.402,0.221,0.844,0.815,2,20
CPT330_Lane3Exittunnel_08172020_Exp1,00543,0.398,0.152,0.719,0.501,2,21
CPT330_Lane3Exittunnel_08172020_Exp1,00551,0.476,0.051,0.814,0.460,2,22
CPT330_Lane3Exittunnel_08172020_Exp1,00561,0.225,0.207,0.515,0.728,2,23
CPT330_Lane3Exittunnel_08172020_Exp1,00564,0.217,0.305,0.535,0.609,2,24
CPT330_Lane3Exittunnel_08172020_Exp1,00564,0.217,0.309,0.537,0.615,2,25
CPT330_Lane3Exittunnel_08172020_Exp1,00569,0.113,0.331,0.471,0.647,2,26
CPT330_Lane3Exittunnel_08172020_Exp1,00578,0.359,0.237,0.680,0.585,2,27
CPT330_Lane3Exittunnel_08172020_Exp1,00581,0.303,0.221,0.637,0.509,2,28
CPT330_Lane3Exittunnel_08172020_Exp1,00595,0.653,0.068,0.932,0.807,2,29
CPT330_Lane3Exittunnel_08172020_Exp1,00600,0.670,0.092,0.949,0.521,2,30
CPT340_Lane34PreAIT_08172020_Exp1,00009,0.769,0.465,0.943,0.845,2,0
CPT340_Lane34PreAIT_08172020_Exp1,00022,0.432,0.507,0.582,0.901,2,1
CPT340_Lane34PreAIT_08172020_Exp1,00024,0.263,0.764,0.438,1.001,2,2
CPT340_Lane34PreAIT_08172020_Exp1,00027,0.252,0.724,0.421,0.999,2,3
CPT340_Lane34PreAIT_08172020_Exp1,00040,0.203,0.752,0.421,1.001,2,4
CPT340_Lane34PreAIT_08172020_Exp1,00076,0.827,0.471,0.993,0.917,2,5
CPT340_Lane34PreAIT_08172020_Exp1,00081,0.852,0.427,0.995,0.824,2,6
CPT340_Lane34PreAIT_08172020_Exp1,00082,0.212,0.735,0.368,1.001,2,7
CPT340_Lane34PreAIT_08172020_Exp1,00089,0.222,0.821,0.355,1.001,2,8
CPT340_Lane34PreAIT_08172020_Exp1,00092,0.225,0.774,0.471,1.001,2,9
CPT340_Lane34PreAIT_08172020_Exp1,00094,0.527,0.434,0.751,0.900,2,10
CPT340_Lane34PreAIT_08172020_Exp1,00095,0.223,0.759,0.401,1.001,2,11
CPT340_Lane34PreAIT_08172020_Exp1,00098,0.226,0.741,0.397,1.001,2,12
CPT340_Lane34PreAIT_08172020_Exp1,00271,0.299,0.490,0.512,0.906,2,13
CPT340_Lane34PreAIT_08172020_Exp1,00272,0.220,0.733,0.388,1.001,2,14
CPT340_Lane34PreAIT_08172020_Exp1,00284,0.242,0.469,0.491,0.889,2,15
CPT340_Lane34PreAIT_08172020_Exp1,00286,0.236,0.510,0.512,0.948,2,16
CPT340_Lane34PreAIT_08172020_Exp1,00293,0.231,0.735,0.452,1.001,2,17
CPT340_Lane34PreAIT_08172020_Exp1,00300,0.266,0.469,0.482,0.886,2,18
CPT340_Lane34PreAIT_08172020_Exp1,00300,0.423,0.751,0.638,1.001,2,19
CPT340_Lane34PreAIT_08172020_Exp1,00302,0.354,0.731,0.680,1.001,2,20
CPT340_Lane34PreAIT_08172020_Exp1,00304,0.220,0.769,0.412,1.001,2,21
CPT340_Lane34PreAIT_08172020_Exp1,00309,0.306,0.739,0.524,1.001,2,22
CPT340_Lane34PreAIT_08172020_Exp1,00318,0.273,0.730,0.543,1.001,2,23
CPT340_Lane34PreAIT_08172020_Exp1,00320,0.346,0.728,0.535,1.001,2,24
CPT340_Lane34PreAIT_08172020_Exp1,00424,0.858,0.492,1.001,0.845,2,25
CPT340_Lane34PreAIT_08172020_Exp1,00442,0.686,0.459,0.960,0.874,2,26
CPT340_Lane34PreAIT_08172020_Exp1,00447,0.612,0.445,0.744,0.880,2,27
CPT340_Lane34PreAIT_08172020_Exp1,00460,0.557,0.485,0.764,0.856,2,28
CPT340_Lane34PreAIT_08172020_Exp1,00463,0.234,0.759,0.515,1.001,2,29
CPT340_Lane34PreAIT_08172020_Exp1,00469,0.672,0.726,0.842,1.001,2,30
CPT340_Lane34PreAIT_08172020_Exp1,00470,0.610,0.489,0.778,0.935,2,31
CPT340_Lane34PreAIT_08172020_Exp1,00476,0.562,0.494,0.722,0.874,2,32
CPT340_Lane34PreAIT_08172020_Exp1,00478,0.320,0.828,0.506,1.001,2,33
CPT340_Lane34PreAIT_08172020_Exp1,00480,0.588,0.468,0.851,0.901,2,34
CPT340_Lane34PreAIT_08172020_Exp1,00482,0.266,0.799,0.452,1.001,2,35
CPT340_Lane34PreAIT_08172020_Exp1,00482,0.559,0.479,0.755,0.948,2,36
CPT340_Lane34PreAIT_08172020_Exp1,00487,0.627,0.451,0.802,0.909,2,37
CPT340_Lane34PreAIT_08172020_Exp1,00488,0.320,0.729,0.537,1.001,2,38
CPT340_Lane34PreAIT_08172020_Exp1,00492,0.277,0.749,0.542,1.001,2,39
CPT340_Lane34PreAIT_08172020_Exp1,00493,0.655,0.489,0.895,0.912,2,40
CPT340_Lane34PreAIT_08172020_Exp1,00498,0.359,0.779,0.583,1.001,2,41
CPT340_Lane34PreAIT_08172020_Exp1,00511,0.298,0.485,0.519,0.932,2,42
CPT340_Lane34PreAIT_08172020_Exp1,00514,0.239,0.766,0.441,1.001,2,43
CPT340_Lane34PreAIT_08172020_Exp1,00522,0.807,0.424,0.992,0.854,2,44
CPT340_Lane34PreAIT_08172020_Exp1,00526,0.318,0.721,0.568,1.001,2,45
CPT340_Lane34PreAIT_08172020_Exp1,00531,0.366,0.465,0.637,0.851,2,46
CPT340_Lane34PreAIT_08172020_Exp1,00551,0.388,0.506,0.594,0.955,2,47
CPT340_Lane34PreAIT_08172020_Exp1,00551,0.455,0.494,0.622,0.946,2,48
CPT340_Lane34PreAIT_08172020_Exp1,00555,0.248,0.715,0.427,1.001,2,49
CPT340_Lane34PreAIT_08172020_Exp1,00555,0.338,0.445,0.598,0.910,2,50
CPT340_Lane34PreAIT_08172020_Exp1,00592,0.446,0.439,0.661,0.851,2,51
CPT340_Lane34PreAIT_08172020_Exp1,00592,0.450,0.445,0.679,0.851,2,52
CPT340_Lane34PreAIT_08172020_Exp1,00595,0.234,0.784,0.445,1.001,2,53
CPT340_Lane34PreAIT_08172020_Exp1,00596,0.499,0.471,0.752,0.858,2,54
CPT300_Lane34Divest_08172020_Exp1,0000,0.4478,0.3989,0.611,0.882,1,0
CPT300_Lane34Divest_08172020_Exp1,0001,0.4127,0.4363,0.5457,0.8098,1,1
CPT300_Lane34Divest_08172020_Exp1,0006,0.4266,0.4392,0.5863,0.7526,1,2
CPT300_Lane34Divest_08172020_Exp1,0008,0.398,0.4526,0.5298,0.8318,1,4
CPT300_Lane34Divest_08172020_Exp1,0010,0.2346,0.5063,0.4121,0.8599,1,5
CPT300_Lane34Divest_08172020_Exp1,0012,0.1188,0.4464,0.2763,0.8845,1,6
CPT300_Lane34Divest_08172020_Exp1,0014,0.0,0.4671,0.09711,0.8411,1,7
CPT300_Lane34Divest_08172020_Exp1,0044,0.756,0.3766,0.9034,0.7563,1,10
CPT300_Lane34Divest_08172020_Exp1,0045,0.7387,0.3662,0.8858,0.7209,1,11
CPT300_Lane34Divest_08172020_Exp1,0046,0.7258,0.3724,0.8969,0.6893,1,12
CPT300_Lane34Divest_08172020_Exp1,0048,0.6607,0.3977,0.8202,0.8029,1,13
CPT300_Lane34Divest_08172020_Exp1,0050,0.7096,0.4019,0.8831,0.8157,1,15
CPT300_Lane34Divest_08172020_Exp1,0051,0.711,0.4168,0.8693,0.7826,1,16
CPT300_Lane34Divest_08172020_Exp1,0052,0.6866,0.368,0.8273,0.7753,1,17
CPT300_Lane34Divest_08172020_Exp1,0053,0.7026,0.398,0.8454,0.7691,1,18
CPT300_Lane34Divest_08172020_Exp1,0054,0.7132,0.4032,0.8474,0.7645,1,19
CPT300_Lane34Divest_08172020_Exp1,0054,0.1861,0.8005,0.3895,1.0,1,20
CPT300_Lane34Divest_08172020_Exp1,0055,0.7083,0.4349,0.8362,0.7389,1,21
CPT300_Lane34Divest_08172020_Exp1,0056,0.1798,0.7999,0.3968,1.0,1,22
CPT300_Lane34Divest_08172020_Exp1,0060,0.5877,0.4301,0.756,0.784,1,25
CPT300_Lane34Divest_08172020_Exp1,0062,0.4757,0.407,0.6881,0.7923,1,27
CPT300_Lane34Divest_08172020_Exp1,0065,0.5153,0.4237,0.7174,0.8154,1,30
CPT300_Lane34Divest_08172020_Exp1,0066,0.4399,0.4263,0.6663,0.8168,1,31
CPT300_Lane34Divest_08172020_Exp1,0068,0.3384,0.4601,0.4854,0.8259,1,33
CPT300_Lane34Divest_08172020_Exp1,0070,0.3379,0.4236,0.572,0.8331,1,35
CPT300_Lane34Divest_08172020_Exp1,0071,0.3612,0.3739,0.5518,0.8143,1,36
CPT300_Lane34Divest_08172020_Exp1,0072,0.3375,0.356,0.5302,0.8036,1,37
CPT300_Lane34Divest_08172020_Exp1,0073,0.2765,0.4192,0.4304,0.887,1,38
CPT300_Lane34Divest_08172020_Exp1,0074,0.272,0.4609,0.4284,0.8413,1,39
CPT300_Lane34Divest_08172020_Exp1,0075,0.2318,0.5131,0.3991,0.8555,1,40
CPT300_Lane34Divest_08172020_Exp1,0076,0.2399,0.5165,0.4093,0.8918,1,41
CPT300_Lane34Divest_08172020_Exp1,0077,0.2348,0.4922,0.4043,0.8822,1,42
CPT300_Lane34Divest_08172020_Exp1,0081,0.3124,0.4815,0.4637,0.8097,1,44
CPT300_Lane34Divest_08172020_Exp1,0091,0.0343,0.4348,0.1672,0.8221,1,46
CPT300_Lane34Divest_08172020_Exp1,0092,0.02344,0.3862,0.1472,0.8044,1,47
CPT300_Lane34Divest_08172020_Exp1,0094,0.0,0.4178,0.1349,0.8353,1,48
CPT300_Lane34Divest_08172020_Exp1,0096,0.02672,0.3932,0.1438,0.8012,1,50
CPT300_Lane34Divest_08172020_Exp1,0097,0.002429,0.3405,0.1469,0.8741,1,51
CPT300_Lane34Divest_08172020_Exp1,0198,0.6756,0.4409,0.8151,0.8487,1,52
CPT300_Lane34Divest_08172020_Exp1,0202,0.8373,0.4609,0.9816,0.7977,1,54
CPT300_Lane34Divest_08172020_Exp1,0203,0.8425,0.4533,0.9703,0.8158,1,55
CPT300_Lane34Divest_08172020_Exp1,0213,0.6187,0.3498,0.7724,0.8169,1,56
CPT300_Lane34Divest_08172020_Exp1,0214,0.5566,0.3849,0.7246,0.81,1,57
CPT300_Lane34Divest_08172020_Exp1,0215,0.5473,0.4116,0.6673,0.8153,1,58
CPT300_Lane34Divest_08172020_Exp1,0216,0.5383,0.3933,0.668,0.8012,1,59
CPT300_Lane34Divest_08172020_Exp1,0217,0.5145,0.4061,0.6477,0.7941,1,60
CPT300_Lane34Divest_08172020_Exp1,0218,0.5472,0.4073,0.6591,0.7805,1,61
CPT300_Lane34Divest_08172020_Exp1,0219,0.5514,0.4061,0.6686,0.8042,1,62
CPT300_Lane34Divest_08172020_Exp1,0220,0.5354,0.4053,0.6767,0.8012,1,63
CPT300_Lane34Divest_08172020_Exp1,0221,0.5322,0.4137,0.6712,0.8026,1,64
CPT300_Lane34Divest_08172020_Exp1,0222,0.5214,0.4144,0.6723,0.8175,1,65
CPT300_Lane34Divest_08172020_Exp1,0223,0.534,0.4103,0.6822,0.768,1,66
CPT300_Lane34Divest_08172020_Exp1,0224,0.546,0.4157,0.6774,0.7827,1,67
CPT300_Lane34Divest_08172020_Exp1,0225,0.5528,0.4236,0.6813,0.7911,1,68
CPT300_Lane34Divest_08172020_Exp1,0226,0.5532,0.3953,0.6772,0.7752,1,69
CPT300_Lane34Divest_08172020_Exp1,0229,0.7751,0.4489,0.8979,0.8056,1,70
CPT300_Lane34Divest_08172020_Exp1,0235,0.7119,0.3896,0.8606,0.7955,1,72
CPT300_Lane34Divest_08172020_Exp1,0236,0.6579,0.3232,0.8152,0.7906,1,73
CPT300_Lane34Divest_08172020_Exp1,0238,0.5465,0.4225,0.6958,0.7961,1,75
CPT300_Lane34Divest_08172020_Exp1,0239,0.5441,0.4421,0.6839,0.7866,1,76
CPT300_Lane34Divest_08172020_Exp1,0240,0.5642,0.4153,0.7018,0.7742,1,77
CPT300_Lane34Divest_08172020_Exp1,0241,0.564,0.4283,0.6957,0.7967,1,78
CPT300_Lane34Divest_08172020_Exp1,0242,0.5684,0.4378,0.6928,0.8111,1,79
CPT300_Lane34Divest_08172020_Exp1,0243,0.5791,0.4064,0.7022,0.79,1,80
CPT300_Lane34Divest_08172020_Exp1,0244,0.5951,0.357,0.7198,0.7812,1,81
CPT300_Lane34Divest_08172020_Exp1,0256,0.5817,0.3831,0.7161,0.7934,1,82
CPT300_Lane34Divest_08172020_Exp1,0257,0.577,0.4192,0.7022,0.7935,1,83
CPT300_Lane34Divest_08172020_Exp1,0258,0.5453,0.4473,0.6979,0.8023,1,84
CPT300_Lane34Divest_08172020_Exp1,0259,0.5649,0.4559,0.6996,0.7925,1,85
CPT300_Lane34Divest_08172020_Exp1,0260,0.5641,0.4616,0.6875,0.7984,1,86
CPT300_Lane34Divest_08172020_Exp1,0261,0.5519,0.4198,0.6871,0.8176,1,87
CPT300_Lane34Divest_08172020_Exp1,0262,0.5384,0.3881,0.6644,0.8056,1,88
CPT300_Lane34Divest_08172020_Exp1,0263,0.5623,0.3819,0.6835,0.7871,1,89
CPT300_Lane34Divest_08172020_Exp1,0264,0.5623,0.4078,0.6883,0.7837,1,90
CPT300_Lane34Divest_08172020_Exp1,0265,0.5583,0.389,0.6818,0.7979,1,91
CPT300_Lane34Divest_08172020_Exp1,0266,0.5596,0.3763,0.6774,0.7689,1,92
CPT300_Lane34Divest_08172020_Exp1,0267,0.565,0.3632,0.6845,0.7531,1,93
CPT300_Lane34Divest_08172020_Exp1,0277,0.5658,0.454,0.7801,0.7905,1,95
CPT300_Lane34Divest_08172020_Exp1,0280,0.6066,0.3927,0.7556,0.8047,1,98
CPT300_Lane34Divest_08172020_Exp1,0281,0.5574,0.3671,0.7346,0.7943,1,99
CPT300_Lane34Divest_08172020_Exp1,0300,0.003251,0.465,0.1588,0.8942,1,100
CPT300_Lane34Divest_08172020_Exp1,0302,0.0,0.6065,0.1657,0.9278,1,101
CPT300_Lane34Divest_08172020_Exp1,0311,0.0,0.7473,0.1286,0.9994,1,102
CPT300_Lane34Divest_08172020_Exp1,0416,0.3876,0.4223,0.5173,0.8602,1,103
CPT300_Lane34Divest_08172020_Exp1,0419,0.3941,0.4789,0.5499,0.8628,1,106
CPT300_Lane34Divest_08172020_Exp1,0421,0.3641,0.5173,0.532,0.8618,1,108
CPT300_Lane34Divest_08172020_Exp1,0422,0.3428,0.5256,0.5301,0.8756,1,109
CPT300_Lane34Divest_08172020_Exp1,0424,0.3209,0.5159,0.4775,0.8884,1,110
CPT300_Lane34Divest_08172020_Exp1,0425,0.2821,0.5207,0.4592,0.9107,1,111
CPT300_Lane34Divest_08172020_Exp1,0431,0.2873,0.398,0.4428,0.8546,1,112
CPT300_Lane34Divest_08172020_Exp1,0437,0.2,0.4311,0.4004,0.8688,1,113
CPT300_Lane34Divest_08172020_Exp1,0438,0.1816,0.4059,0.3715,0.8237,1,114
CPT300_Lane34Divest_08172020_Exp1,0441,0.1672,0.4224,0.3651,0.8884,1,115
CPT300_Lane34Divest_08172020_Exp1,0444,0.1746,0.4446,0.3851,0.8977,1,117
CPT300_Lane34Divest_08172020_Exp1,0446,0.163,0.4863,0.3788,0.8442,1,119
CPT300_Lane34Divest_08172020_Exp1,0448,0.05349,0.4497,0.1955,0.8365,1,120
CPT300_Lane34Divest_08172020_Exp1,0452,0.05034,0.4826,0.1664,0.8419,1,122
CPT300_Lane34Divest_08172020_Exp1,0453,0.05049,0.5376,0.183,0.8539,1,123
CPT300_Lane34Divest_08172020_Exp1,0456,0.04545,0.4926,0.2615,0.8994,1,125
CPT300_Lane34Divest_08172020_Exp1,0457,0.05428,0.4472,0.219,0.9067,1,126
CPT300_Lane34Divest_08172020_Exp1,0459,0.04572,0.5142,0.1469,0.878,1,127
CPT300_Lane34Divest_08172020_Exp1,0460,0.04759,0.5272,0.1485,0.8582,1,128
CPT300_Lane34Divest_08172020_Exp1,0467,0.08208,0.4948,0.2372,0.8252,1,130
CPT300_Lane34Divest_08172020_Exp1,0479,0.02641,0.4736,0.2085,0.8668,1,132
CPT300_Lane34Divest_08172020_Exp1,0480,0.05164,0.4761,0.1947,0.8934,1,133
CPT300_Lane34Divest_08172020_Exp1,0481,0.02054,0.4723,0.2065,0.8928,1,134
CPT300_Lane34Divest_08172020_Exp1,0482,0.05037,0.5204,0.1841,0.8825,1,135
CPT300_Lane34Divest_08172020_Exp1,0482,0.1461,0.4159,0.3322,0.849,1,136
CPT300_Lane34Divest_08172020_Exp1,0486,0.09189,0.4857,0.2427,0.806,1,138
CPT300_Lane34Divest_08172020_Exp1,0487,0.05155,0.532,0.1921,0.8865,1,139
CPT300_Lane34Divest_08172020_Exp1,0489,0.06574,0.4946,0.2216,0.8769,1,141
CPT300_Lane34Divest_08172020_Exp1,0489,0.7498,0.4098,0.9432,0.7641,1,142
CPT300_Lane34Divest_08172020_Exp1,0490,0.7823,0.4071,0.9064,0.786,1,143
CPT300_Lane34Divest_08172020_Exp1,0491,0.7607,0.3806,0.864,0.7387,1,144
CPT300_Lane34Divest_08172020_Exp1,0493,0.1872,0.5322,0.3717,0.8553,1,146
CPT300_Lane34Divest_08172020_Exp1,0494,0.1178,0.5464,0.3029,0.8725,1,147
CPT300_Lane34Divest_08172020_Exp1,0497,0.2455,0.5442,0.4633,0.8814,1,149
CPT300_Lane34Divest_08172020_Exp1,0498,0.1079,0.5252,0.3401,0.8973,1,150
CPT300_Lane34Divest_08172020_Exp1,0499,0.1262,0.4258,0.3113,0.8566,1,151
CPT300_Lane34Divest_08172020_Exp1,0509,0.7886,0.3893,0.9061,0.732,1,153
CPT300_Lane34Divest_08172020_Exp1,0514,0.8156,0.4685,0.983,0.7901,1,154
CPT300_Lane34Divest_08172020_Exp1,0519,0.2548,0.426,0.4731,0.8378,1,155
CPT300_Lane34Divest_08172020_Exp1,0520,0.2737,0.4259,0.4543,0.8544,1,156
CPT300_Lane34Divest_08172020_Exp1,0521,0.2761,0.391,0.4443,0.8157,1,157
CPT300_Lane34Divest_08172020_Exp1,0523,0.2469,0.4342,0.4239,0.8784,1,159
CPT300_Lane34Divest_08172020_Exp1,0526,0.2428,0.3513,0.3914,0.7848,1,161
CPT300_Lane34Divest_08172020_Exp1,0527,0.2362,0.3384,0.3916,0.8276,1,162
CPT300_Lane34Divest_08172020_Exp1,0528,0.2426,0.4377,0.3865,0.8097,1,163
CPT300_Lane34Divest_08172020_Exp1,0529,0.2207,0.4429,0.3911,0.8247,1,164
CPT300_Lane34Divest_08172020_Exp1,0530,0.1828,0.4323,0.3531,0.8501,1,165
CPT300_Lane34Divest_08172020_Exp1,0533,0.003815,0.4967,0.1145,0.8403,1,166
CPT300_Lane34Divest_08172020_Exp1,0534,0.0,0.4806,0.1382,0.7909,1,167
CPT300_Lane34Divest_08172020_Exp1,0535,0.005198,0.4177,0.12,0.8545,1,168
CPT300_Lane34Divest_08172020_Exp1,0536,0.004412,0.4691,0.1511,0.9047,1,169
CPT300_Lane34Divest_08172020_Exp1,0537,0.06043,0.674,0.218,0.9918,1,170
CPT300_Lane34Divest_08172020_Exp1,0538,0.01462,0.4268,0.1165,0.8216,1,171
CPT300_Lane34Divest_08172020_Exp1,0539,0.01774,0.4502,0.11,0.844,1,172
CPT300_Lane34Divest_08172020_Exp1,0540,0.0,0.4449,0.1239,0.803,1,173
CPT300_Lane34Divest_08172020_Exp1,0541,0.0,0.4574,0.1272,0.8214,1,174
CPT300_Lane34Divest_08172020_Exp1,0542,0.008307,0.4804,0.1227,0.8453,1,175
CPT300_Lane34Divest_08172020_Exp1,0542,0.782,0.6179,0.9892,0.977,1,176
CPT300_Lane34Divest_08172020_Exp1,0543,0.01752,0.4538,0.1353,0.8147,1,177
CPT300_Lane34Divest_08172020_Exp1,0544,0.003706,0.4736,0.1366,0.8185,1,178
CPT300_Lane34Divest_08172020_Exp1,0545,0.0,0.5005,0.1437,0.8579,1,179
CPT300_Lane34Divest_08172020_Exp1,0547,0.0,0.4295,0.1571,0.8796,1,181
CPT300_Lane34Divest_08172020_Exp1,0548,0.0,0.4418,0.1526,0.85,1,182
CPT300_Lane34Divest_08172020_Exp1,0551,0.003051,0.4761,0.1256,0.801,1,183
CPT300_Lane34Divest_08172020_Exp1,0553,0.0,0.4898,0.09709,0.8349,1,185
CPT300_Lane34Divest_08172020_Exp1,0555,0.0,0.5302,0.1066,0.84,1,187
CPT300_Lane34Divest_08172020_Exp1,0556,0.0,0.4855,0.08644,0.8554,1,188
CPT300_Lane34Divest_08172020_Exp1,0557,0.0,0.4481,0.1117,0.8015,1,189
CPT300_Lane34Divest_08172020_Exp1,0586,0.1003,0.7474,0.2877,1.0,1,190
CPT300_Lane34Divest_08172020_Exp1,0587,0.08134,0.7595,0.3405,0.9771,1,191
CPT300_Lane34Divest_08172020_Exp1,0592,0.01227,0.4446,0.119,0.8576,1,192
CPT300_Lane34Divest_08172020_Exp1,0595,0.02881,0.4654,0.1758,0.7877,1,194
CPT300_Lane34Divest_08172020_Exp1,0596,0.02662,0.488,0.1683,0.8258,1,195
CPT300_Lane34Divest_08172020_Exp1,0598,0.0,0.4757,0.1653,0.8451,1,197
CPT300_Lane34Divest_08172020_Exp1,0599,0.02414,0.4665,0.1693,0.8341,1,198
CPT310_Lane3Infeed_08172020_Exp1,0015,0.3245,0.007124,0.5336,0.6858,1,200
CPT310_Lane3Infeed_08172020_Exp1,0016,0.288,0.04165,0.5401,0.6921,1,201
CPT310_Lane3Infeed_08172020_Exp1,0017,0.3157,0.1125,0.5986,0.6418,1,202
CPT310_Lane3Infeed_08172020_Exp1,0018,0.2957,0.1762,0.5876,0.656,1,203
CPT310_Lane3Infeed_08172020_Exp1,0019,0.2837,0.1772,0.5638,0.6636,1,204
CPT310_Lane3Infeed_08172020_Exp1,0021,0.29,0.1755,0.5864,0.6709,1,206
CPT310_Lane3Infeed_08172020_Exp1,0022,0.3037,0.1389,0.569,0.6381,1,207
CPT310_Lane3Infeed_08172020_Exp1,0023,0.2895,0.1746,0.5851,0.6798,1,208
CPT310_Lane3Infeed_08172020_Exp1,0025,0.1438,0.09388,0.4475,0.7685,1,210
CPT310_Lane3Infeed_08172020_Exp1,0027,0.02097,0.4461,0.3236,1.0,1,212
CPT310_Lane3Infeed_08172020_Exp1,0028,0.008575,0.4384,0.3348,1.0,1,213
CPT310_Lane3Infeed_08172020_Exp1,0030,0.1001,0.4386,0.3536,1.0,1,215
CPT310_Lane3Infeed_08172020_Exp1,0040,0.02552,0.5282,0.3082,1.0,1,216
CPT310_Lane3Infeed_08172020_Exp1,0044,0.0,0.5905,0.2857,1.0,1,218
CPT310_Lane3Infeed_08172020_Exp1,0045,0.009219,0.6036,0.2664,1.0,1,219
CPT310_Lane3Infeed_08172020_Exp1,0046,0.0,0.5219,0.2926,0.9996,1,220
CPT310_Lane3Infeed_08172020_Exp1,0047,0.01175,0.4585,0.3086,1.0,1,221
CPT310_Lane3Infeed_08172020_Exp1,0048,0.002581,0.3675,0.3161,0.9958,1,222
CPT310_Lane3Infeed_08172020_Exp1,0069,0.8155,0.2984,0.9973,1.0,1,223
CPT310_Lane3Infeed_08172020_Exp1,0081,0.7734,0.3825,1.0,0.9936,1,224
CPT310_Lane3Infeed_08172020_Exp1,0084,0.03023,0.4319,0.3243,1.0,1,225
CPT310_Lane3Infeed_08172020_Exp1,0088,0.7613,0.3138,0.9932,1.0,1,226
CPT310_Lane3Infeed_08172020_Exp1,0093,0.05172,0.4252,0.3828,0.999,1,229
CPT310_Lane3Infeed_08172020_Exp1,0094,0.03918,0.4909,0.407,0.9972,1,230
CPT310_Lane3Infeed_08172020_Exp1,0095,0.1371,0.4366,0.4883,0.9563,1,231
CPT310_Lane3Infeed_08172020_Exp1,0096,0.02415,0.4768,0.4341,1.0,1,232
CPT310_Lane3Infeed_08172020_Exp1,0097,0.03768,0.4386,0.4354,1.0,1,233
CPT310_Lane3Infeed_08172020_Exp1,0099,0.1253,0.4126,0.4799,1.0,1,235
CPT310_Lane3Infeed_08172020_Exp1,0100,0.03297,0.3592,0.3476,1.0,1,236
CPT310_Lane3Infeed_08172020_Exp1,0190,0.01381,0.4912,0.283,0.9846,1,237
CPT310_Lane3Infeed_08172020_Exp1,0191,0.0,0.4522,0.2511,1.0,1,238
CPT310_Lane3Infeed_08172020_Exp1,0192,0.0,0.5027,0.2065,1.0,1,239
CPT310_Lane3Infeed_08172020_Exp1,0286,0.07709,0.1141,0.4441,0.9648,1,240
CPT310_Lane3Infeed_08172020_Exp1,0287,0.08857,0.04145,0.4107,0.8089,1,241
CPT310_Lane3Infeed_08172020_Exp1,0289,0.04241,0.2415,0.35,0.9906,1,243
CPT310_Lane3Infeed_08172020_Exp1,0292,0.02249,0.3976,0.3679,1.0,1,245
CPT310_Lane3Infeed_08172020_Exp1,0294,0.07437,0.3902,0.3644,1.0,1,247
CPT310_Lane3Infeed_08172020_Exp1,0295,0.008308,0.4342,0.3678,0.9664,1,248
CPT310_Lane3Infeed_08172020_Exp1,0296,0.0,0.4248,0.3307,1.0,1,249
CPT310_Lane3Infeed_08172020_Exp1,0308,0.1239,0.3796,0.5562,0.9887,1,253
CPT310_Lane3Infeed_08172020_Exp1,0309,0.04699,0.4236,0.4373,1.0,1,254
CPT310_Lane3Infeed_08172020_Exp1,0320,0.07208,0.3674,0.4722,0.9773,1,259
CPT310_Lane3Infeed_08172020_Exp1,0321,0.1564,0.3739,0.5146,1.0,1,260
CPT310_Lane3Infeed_08172020_Exp1,0322,0.2013,0.4082,0.4791,1.0,1,261
CPT310_Lane3Infeed_08172020_Exp1,0323,0.09502,0.4356,0.4465,1.0,1,262
CPT310_Lane3Infeed_08172020_Exp1,0326,0.2466,0.4205,0.5014,1.0,1,263
CPT310_Lane3Infeed_08172020_Exp1,0327,0.2455,0.4048,0.5138,1.0,1,264
CPT310_Lane3Infeed_08172020_Exp1,0361,0.0,0.4561,0.1686,1.0,1,265
CPT310_Lane3Infeed_08172020_Exp1,0362,0.0,0.4295,0.1839,1.0,1,266
CPT310_Lane3Infeed_08172020_Exp1,0413,0.7128,0.0,0.9563,0.591,1,267
CPT310_Lane3Infeed_08172020_Exp1,0414,0.6734,0.07223,0.9508,0.5976,1,268
CPT310_Lane3Infeed_08172020_Exp1,0449,0.5809,0.0,0.8155,0.5779,1,269
CPT310_Lane3Infeed_08172020_Exp1,0455,0.6548,0.02144,0.8552,0.6437,1,271
CPT310_Lane3Infeed_08172020_Exp1,0457,0.6113,0.07134,0.9182,0.6894,1,273
CPT310_Lane3Infeed_08172020_Exp1,0460,0.5823,0.09453,0.8078,0.7885,1,274
CPT310_Lane3Infeed_08172020_Exp1,0486,0.1376,0.5365,0.4302,0.996,1,277
CPT310_Lane3Infeed_08172020_Exp1,0493,0.1402,0.4226,0.4958,0.9465,1,278
CPT310_Lane3Infeed_08172020_Exp1,0494,0.1041,0.4065,0.4676,0.9503,1,279
CPT310_Lane3Infeed_08172020_Exp1,0499,0.2148,0.5113,0.5819,0.9627,1,280
CPT310_Lane3Infeed_08172020_Exp1,0502,0.2284,0.4343,0.6144,0.9631,1,282
CPT310_Lane3Infeed_08172020_Exp1,0504,0.1328,0.4555,0.4898,0.9452,1,284
CPT310_Lane3Infeed_08172020_Exp1,0505,0.08306,0.487,0.4797,0.983,1,285
CPT310_Lane3Infeed_08172020_Exp1,0507,0.256,0.4559,0.6681,0.972,1,287
CPT310_Lane3Infeed_08172020_Exp1,0508,0.2504,0.473,0.5982,0.9679,1,288
CPT310_Lane3Infeed_08172020_Exp1,0509,0.1436,0.5168,0.5199,1.0,1,289
CPT310_Lane3Infeed_08172020_Exp1,0510,0.04154,0.5,0.441,0.9882,1,290
CPT310_Lane3Infeed_08172020_Exp1,0511,0.1386,0.416,0.5101,1.0,1,291
CPT310_Lane3Infeed_08172020_Exp1,0512,0.1714,0.488,0.5997,0.9845,1,292
CPT310_Lane3Infeed_08172020_Exp1,0512,0.1115,0.04983,0.4214,0.9418,1,293
CPT310_Lane3Infeed_08172020_Exp1,0516,0.03615,0.4462,0.3782,1.0,1,298
CPT310_Lane3Infeed_08172020_Exp1,0535,0.4296,0.04821,0.7917,0.6662,1,300
CPT310_Lane3Infeed_08172020_Exp1,0543,0.4393,0.02818,0.7844,0.6276,1,302
CPT310_Lane3Infeed_08172020_Exp1,0544,0.449,0.05335,0.7771,0.6297,1,303
CPT310_Lane3Infeed_08172020_Exp1,0545,0.4301,0.05875,0.7689,0.6859,1,304
CPT310_Lane3Infeed_08172020_Exp1,0546,0.4394,0.05398,0.78,0.6561,1,305
CPT310_Lane3Infeed_08172020_Exp1,0550,0.5982,0.4628,0.9646,0.9914,1,306
CPT310_Lane3Infeed_08172020_Exp1,0552,0.3065,0.0564,0.7087,0.5398,1,307
CPT310_Lane3Infeed_08172020_Exp1,0553,0.2514,0.08947,0.6022,0.7348,1,308
CPT310_Lane3Infeed_08172020_Exp1,0560,0.07063,0.3921,0.4095,0.9246,1,312
CPT310_Lane3Infeed_08172020_Exp1,0561,0.0813,0.4112,0.39,0.9999,1,313
CPT310_Lane3Infeed_08172020_Exp1,0563,0.0453,0.4812,0.3436,0.9874,1,315
CPT310_Lane3Infeed_08172020_Exp1,0577,0.0,0.4544,0.2745,1.0,1,316
CPT310_Lane3Infeed_08172020_Exp1,0578,0.0,0.4064,0.2308,1.0,1,317
CPT310_Lane3Infeed_08172020_Exp1,0579,0.0,0.4577,0.2574,1.0,1,318
CPT310_Lane3Infeed_08172020_Exp1,0580,0.0,0.4811,0.2543,1.0,1,319
CPT310_Lane3Infeed_08172020_Exp1,0581,0.003378,0.4809,0.2901,1.0,1,320
CPT310_Lane3Infeed_08172020_Exp1,0591,0.5808,0.01908,0.9101,0.5821,1,321
CPT310_Lane3Infeed_08172020_Exp1,0592,0.3774,0.07495,0.7182,0.6112,1,322
CPT310_Lane3Infeed_08172020_Exp1,0593,0.3282,0.1163,0.6463,0.6048,1,323
CPT310_Lane3Infeed_08172020_Exp1,0594,0.3097,0.04201,0.6552,0.6013,1,324
CPT310_Lane3Infeed_08172020_Exp1,0598,0.05317,0.5319,0.3608,0.9965,1,325
CPT310_Lane3Infeed_08172020_Exp1,0599,0.1465,0.5739,0.448,0.9931,1,326
CPT330_Lane3Exittunnel_08172020_Exp1,0065,0.6815,0.2098,0.932,0.6595,1,327
CPT330_Lane3Exittunnel_08172020_Exp1,0067,0.4387,0.08879,0.7933,0.4564,1,329
CPT330_Lane3Exittunnel_08172020_Exp1,0068,0.3655,0.1009,0.6898,0.504,1,330
CPT330_Lane3Exittunnel_08172020_Exp1,0123,0.5981,0.1162,0.8903,0.7178,1,331
CPT330_Lane3Exittunnel_08172020_Exp1,0124,0.6281,0.07542,0.8773,0.7241,1,332
CPT330_Lane3Exittunnel_08172020_Exp1,0125,0.5843,0.06639,0.8233,0.6708,1,333
CPT330_Lane3Exittunnel_08172020_Exp1,0130,0.5542,0.08194,0.9424,0.3669,1,335
CPT330_Lane3Exittunnel_08172020_Exp1,0131,0.4801,0.1362,0.9375,0.4002,1,336
CPT330_Lane3Exittunnel_08172020_Exp1,0132,0.4308,0.1195,0.9421,0.4636,1,337
CPT330_Lane3Exittunnel_08172020_Exp1,0133,0.6617,0.1212,0.9698,0.5476,1,338
CPT330_Lane3Exittunnel_08172020_Exp1,0135,0.7057,0.07459,0.9619,0.4978,1,340
CPT330_Lane3Exittunnel_08172020_Exp1,0136,0.6881,0.07002,0.9631,0.4685,1,341
CPT330_Lane3Exittunnel_08172020_Exp1,0139,0.711,0.07472,0.9655,0.4128,1,342
CPT330_Lane3Exittunnel_08172020_Exp1,0140,0.7024,0.08527,0.9669,0.4403,1,343
CPT330_Lane3Exittunnel_08172020_Exp1,0141,0.7385,0.06614,0.9784,0.4266,1,344
CPT330_Lane3Exittunnel_08172020_Exp1,0143,0.7643,0.02605,0.9686,0.5028,1,345
CPT330_Lane3Exittunnel_08172020_Exp1,0144,0.7187,0.04379,0.9963,0.4997,1,346
CPT330_Lane3Exittunnel_08172020_Exp1,0149,0.6327,0.07541,0.9726,0.4259,1,347
CPT330_Lane3Exittunnel_08172020_Exp1,0150,0.5615,0.09022,0.9254,0.6341,1,348
CPT330_Lane3Exittunnel_08172020_Exp1,0154,0.3122,0.2641,0.7861,0.5646,1,350
CPT330_Lane3Exittunnel_08172020_Exp1,0158,0.3253,0.1456,0.7367,0.4402,1,351
CPT330_Lane3Exittunnel_08172020_Exp1,0159,0.3937,0.1149,0.7135,0.4164,1,352
CPT330_Lane3Exittunnel_08172020_Exp1,0160,0.4168,0.1251,0.7485,0.4278,1,353
CPT330_Lane3Exittunnel_08172020_Exp1,0167,0.2497,0.283,0.6415,0.7283,1,354
CPT330_Lane3Exittunnel_08172020_Exp1,0172,0.2056,0.3044,0.5688,0.7133,1,356
CPT330_Lane3Exittunnel_08172020_Exp1,0173,0.1785,0.2748,0.4828,0.7633,1,357
CPT330_Lane3Exittunnel_08172020_Exp1,0174,0.1539,0.3444,0.5082,0.7097,1,358
CPT330_Lane3Exittunnel_08172020_Exp1,0267,0.1,0.5512,0.4739,1.0,1,359
CPT330_Lane3Exittunnel_08172020_Exp1,0268,0.1909,0.5644,0.5776,0.9795,1,360
CPT330_Lane3Exittunnel_08172020_Exp1,0269,0.2392,0.5166,0.5776,0.9891,1,361
CPT330_Lane3Exittunnel_08172020_Exp1,0270,0.2691,0.5838,0.5438,0.9765,1,362
CPT330_Lane3Exittunnel_08172020_Exp1,0271,0.2436,0.5682,0.5512,0.9807,1,363
CPT330_Lane3Exittunnel_08172020_Exp1,0272,0.2058,0.5761,0.5221,0.9871,1,364
CPT330_Lane3Exittunnel_08172020_Exp1,0273,0.1862,0.6308,0.4992,0.9828,1,365
CPT330_Lane3Exittunnel_08172020_Exp1,0331,0.5227,0.1653,0.8016,0.6918,1,366
CPT330_Lane3Exittunnel_08172020_Exp1,0332,0.5069,0.1171,0.7705,0.6541,1,367
CPT330_Lane3Exittunnel_08172020_Exp1,0334,0.5633,0.1095,0.8529,0.4811,1,369
CPT330_Lane3Exittunnel_08172020_Exp1,0335,0.5639,0.09489,0.8601,0.4505,1,370
CPT330_Lane3Exittunnel_08172020_Exp1,0336,0.5707,0.09758,0.8462,0.4521,1,371
CPT330_Lane3Exittunnel_08172020_Exp1,0346,0.4827,0.1669,0.8297,0.7038,1,372
CPT330_Lane3Exittunnel_08172020_Exp1,0356,0.5251,0.04955,0.7775,0.5297,1,376
CPT330_Lane3Exittunnel_08172020_Exp1,0359,0.6404,0.06806,0.903,0.7305,1,377
CPT330_Lane3Exittunnel_08172020_Exp1,0362,0.5085,0.07767,0.7764,0.8114,1,379
CPT330_Lane3Exittunnel_08172020_Exp1,0364,0.5141,0.1005,0.8213,0.7407,1,381
CPT330_Lane3Exittunnel_08172020_Exp1,0372,0.0,0.3566,0.2245,0.7157,1,382
CPT330_Lane3Exittunnel_08172020_Exp1,0405,0.01868,0.4496,0.3295,0.6816,1,383
CPT330_Lane3Exittunnel_08172020_Exp1,0411,0.03169,0.429,0.3136,0.6488,1,384
CPT330_Lane3Exittunnel_08172020_Exp1,0417,0.06205,0.3289,0.3783,0.6253,1,385
CPT330_Lane3Exittunnel_08172020_Exp1,0418,0.05822,0.3555,0.3445,0.6548,1,386
CPT330_Lane3Exittunnel_08172020_Exp1,0474,0.1153,0.3889,0.3921,0.6443,1,387
CPT330_Lane3Exittunnel_08172020_Exp1,0509,0.3238,0.8333,0.6073,0.9994,1,388
CPT330_Lane3Exittunnel_08172020_Exp1,0542,0.4005,0.153,0.6501,0.68,1,390
CPT330_Lane3Exittunnel_08172020_Exp1,0547,0.5986,0.2099,0.8915,0.5841,1,391
CPT330_Lane3Exittunnel_08172020_Exp1,0548,0.5737,0.1909,0.8718,0.6086,1,392
CPT330_Lane3Exittunnel_08172020_Exp1,0550,0.5377,0.06699,0.7961,0.5418,1,393
CPT330_Lane3Exittunnel_08172020_Exp1,0553,0.5988,0.0995,0.831,0.4388,1,395
CPT330_Lane3Exittunnel_08172020_Exp1,0563,0.1853,0.3012,0.6253,0.7083,1,396
CPT330_Lane3Exittunnel_08172020_Exp1,0580,0.2764,0.304,0.5939,0.6353,1,398
CPT340_Lane34PreAIT_08172020_Exp1,0008,0.8085,0.4455,0.9644,0.9067,1,399
CPT340_Lane34PreAIT_08172020_Exp1,0013,0.43,0.4671,0.5638,0.923,1,401
CPT340_Lane34PreAIT_08172020_Exp1,0014,0.4302,0.48,0.5768,0.898,1,402
CPT340_Lane34PreAIT_08172020_Exp1,0015,0.4371,0.5286,0.5983,0.8953,1,403
CPT340_Lane34PreAIT_08172020_Exp1,0016,0.4201,0.5338,0.5872,0.8942,1,404
CPT340_Lane34PreAIT_08172020_Exp1,0017,0.4139,0.5063,0.5757,0.876,1,405
CPT340_Lane34PreAIT_08172020_Exp1,0018,0.4138,0.5137,0.5926,0.8628,1,406
CPT340_Lane34PreAIT_08172020_Exp1,0019,0.4259,0.5151,0.5811,0.8796,1,407
CPT340_Lane34PreAIT_08172020_Exp1,0020,0.4146,0.5109,0.5757,0.8779,1,408
CPT340_Lane34PreAIT_08172020_Exp1,0021,0.4206,0.4906,0.5491,0.8598,1,409
CPT340_Lane34PreAIT_08172020_Exp1,0023,0.313,0.5311,0.5066,0.8855,1,411
CPT340_Lane34PreAIT_08172020_Exp1,0026,0.2265,0.7719,0.401,0.9984,1,413
CPT340_Lane34PreAIT_08172020_Exp1,0028,0.2516,0.7703,0.4198,1.0,1,415
CPT340_Lane34PreAIT_08172020_Exp1,0037,0.1887,0.7495,0.3621,0.997,1,416
CPT340_Lane34PreAIT_08172020_Exp1,0038,0.2638,0.7781,0.4002,0.9997,1,417
CPT340_Lane34PreAIT_08172020_Exp1,0039,0.2332,0.746,0.3965,1.0,1,418
CPT340_Lane34PreAIT_08172020_Exp1,0044,0.2085,0.7518,0.3967,0.9942,1,419
CPT340_Lane34PreAIT_08172020_Exp1,0045,0.217,0.7618,0.3799,0.9893,1,420
CPT340_Lane34PreAIT_08172020_Exp1,0046,0.1826,0.7841,0.3746,0.9902,1,421
CPT340_Lane34PreAIT_08172020_Exp1,0072,0.8558,0.4284,1.0,0.9463,1,422
CPT340_Lane34PreAIT_08172020_Exp1,0073,0.8519,0.487,0.9983,0.8748,1,423
CPT340_Lane34PreAIT_08172020_Exp1,0074,0.8207,0.4876,0.9683,0.8618,1,424
CPT340_Lane34PreAIT_08172020_Exp1,0075,0.8242,0.5293,0.9751,0.8968,1,425
CPT340_Lane34PreAIT_08172020_Exp1,0077,0.8499,0.4143,0.9907,0.8076,1,427
CPT340_Lane34PreAIT_08172020_Exp1,0078,0.8275,0.5435,0.9831,0.9976,1,428
CPT340_Lane34PreAIT_08172020_Exp1,0079,0.7666,0.6246,0.9492,0.9763,1,429
CPT340_Lane34PreAIT_08172020_Exp1,0085,0.8449,0.3934,0.995,0.8114,1,432
CPT340_Lane34PreAIT_08172020_Exp1,0086,0.7058,0.6941,0.885,0.9797,1,433
CPT340_Lane34PreAIT_08172020_Exp1,0087,0.7282,0.6411,0.9711,0.9903,1,434
CPT340_Lane34PreAIT_08172020_Exp1,0091,0.2469,0.773,0.4393,0.9712,1,435
CPT340_Lane34PreAIT_08172020_Exp1,0099,0.2154,0.7315,0.3702,0.9991,1,439
CPT340_Lane34PreAIT_08172020_Exp1,0188,0.2001,0.8016,0.3691,0.9996,1,440
CPT340_Lane34PreAIT_08172020_Exp1,0189,0.1886,0.769,0.3622,0.9973,1,441
CPT340_Lane34PreAIT_08172020_Exp1,0190,0.1984,0.7483,0.3568,0.9795,1,442
CPT340_Lane34PreAIT_08172020_Exp1,0191,0.21,0.7397,0.362,0.9699,1,443
CPT340_Lane34PreAIT_08172020_Exp1,0192,0.1879,0.7347,0.3484,0.9956,1,444
CPT340_Lane34PreAIT_08172020_Exp1,0194,0.2172,0.7626,0.361,1.0,1,445
CPT340_Lane34PreAIT_08172020_Exp1,0195,0.2296,0.7855,0.355,0.9855,1,446
CPT340_Lane34PreAIT_08172020_Exp1,0273,0.2477,0.7746,0.4075,1.0,1,447
CPT340_Lane34PreAIT_08172020_Exp1,0285,0.2725,0.4607,0.4818,0.9606,1,449
CPT340_Lane34PreAIT_08172020_Exp1,0287,0.2457,0.5111,0.4218,0.9629,1,451
CPT340_Lane34PreAIT_08172020_Exp1,0288,0.2815,0.4706,0.4469,0.9104,1,452
CPT340_Lane34PreAIT_08172020_Exp1,0292,0.2723,0.7688,0.4464,1.0,1,453
CPT340_Lane34PreAIT_08172020_Exp1,0294,0.2079,0.7378,0.4025,0.9974,1,455
CPT340_Lane34PreAIT_08172020_Exp1,0295,0.2457,0.7738,0.3977,0.9883,1,456
CPT340_Lane34PreAIT_08172020_Exp1,0296,0.2674,0.7528,0.4312,1.0,1,457
CPT340_Lane34PreAIT_08172020_Exp1,0306,0.3021,0.7796,0.5401,0.9917,1,458
CPT340_Lane34PreAIT_08172020_Exp1,0316,0.3237,0.7619,0.5543,0.9911,1,459
CPT340_Lane34PreAIT_08172020_Exp1,0317,0.3285,0.7351,0.5667,0.997,1,460
CPT340_Lane34PreAIT_08172020_Exp1,0319,0.3396,0.7408,0.5363,0.9983,1,462
CPT340_Lane34PreAIT_08172020_Exp1,0321,0.3004,0.7134,0.5092,1.0,1,464
CPT340_Lane34PreAIT_08172020_Exp1,0322,0.3497,0.8062,0.5308,0.9803,1,465
CPT340_Lane34PreAIT_08172020_Exp1,0358,0.03976,0.7212,0.2508,1.0,1,466
CPT340_Lane34PreAIT_08172020_Exp1,0359,0.1146,0.7849,0.3396,1.0,1,467
CPT340_Lane34PreAIT_08172020_Exp1,0423,0.8257,0.5011,0.9609,0.881,1,468
CPT340_Lane34PreAIT_08172020_Exp1,0443,0.6934,0.4103,0.9548,0.8758,1,471
CPT340_Lane34PreAIT_08172020_Exp1,0448,0.595,0.4233,0.7531,0.844,1,473
CPT340_Lane34PreAIT_08172020_Exp1,0449,0.591,0.4513,0.7629,0.872,1,474
CPT340_Lane34PreAIT_08172020_Exp1,0450,0.6095,0.471,0.7602,0.87,1,475
CPT340_Lane34PreAIT_08172020_Exp1,0451,0.5968,0.4823,0.7379,0.8632,1,476
CPT340_Lane34PreAIT_08172020_Exp1,0452,0.6168,0.4836,0.7584,0.8444,1,477
CPT340_Lane34PreAIT_08172020_Exp1,0454,0.5988,0.4691,0.748,0.873,1,478
CPT340_Lane34PreAIT_08172020_Exp1,0455,0.6011,0.4709,0.7662,0.8633,1,479
CPT340_Lane34PreAIT_08172020_Exp1,0456,0.5818,0.4733,0.7379,0.929,1,480
CPT340_Lane34PreAIT_08172020_Exp1,0457,0.5743,0.4688,0.7358,0.8974,1,481
CPT340_Lane34PreAIT_08172020_Exp1,0458,0.5702,0.5239,0.7217,0.9629,1,482
CPT340_Lane34PreAIT_08172020_Exp1,0459,0.5873,0.5063,0.7422,0.9386,1,483
CPT340_Lane34PreAIT_08172020_Exp1,0479,0.5896,0.414,0.7998,0.9129,1,487
CPT340_Lane34PreAIT_08172020_Exp1,0491,0.2949,0.7447,0.5174,0.985,1,488
CPT340_Lane34PreAIT_08172020_Exp1,0501,0.3009,0.7799,0.5486,1.0,1,490
CPT340_Lane34PreAIT_08172020_Exp1,0502,0.2838,0.7764,0.5198,1.0,1,491
CPT340_Lane34PreAIT_08172020_Exp1,0503,0.2764,0.7564,0.5121,0.9942,1,492
CPT340_Lane34PreAIT_08172020_Exp1,0504,0.3487,0.8225,0.5861,1.0,1,493
CPT340_Lane34PreAIT_08172020_Exp1,0505,0.3672,0.7666,0.6532,0.9866,1,494
CPT340_Lane34PreAIT_08172020_Exp1,0506,0.3333,0.7637,0.5822,1.0,1,495
CPT340_Lane34PreAIT_08172020_Exp1,0512,0.2486,0.7533,0.4542,0.9951,1,497
CPT340_Lane34PreAIT_08172020_Exp1,0513,0.2411,0.7751,0.4761,1.0,1,498
CPT340_Lane34PreAIT_08172020_Exp1,0515,0.2952,0.7656,0.4886,0.9929,1,500
CPT340_Lane34PreAIT_08172020_Exp1,0518,0.8387,0.4285,1.0,0.8564,1,501
CPT340_Lane34PreAIT_08172020_Exp1,0519,0.8336,0.4395,0.9962,0.9179,1,502
CPT340_Lane34PreAIT_08172020_Exp1,0521,0.8404,0.3726,0.9859,0.8142,1,503
CPT340_Lane34PreAIT_08172020_Exp1,0523,0.778,0.4238,0.9614,0.8663,1,505
CPT340_Lane34PreAIT_08172020_Exp1,0524,0.7428,0.3674,0.9434,0.9337,1,506
CPT340_Lane34PreAIT_08172020_Exp1,0533,0.5349,0.4193,0.7178,0.8595,1,508
CPT340_Lane34PreAIT_08172020_Exp1,0534,0.5148,0.4361,0.717,0.9284,1,509
CPT340_Lane34PreAIT_08172020_Exp1,0540,0.4913,0.4077,0.6853,0.8921,1,510
CPT340_Lane34PreAIT_08172020_Exp1,0541,0.5226,0.4659,0.7195,0.8998,1,511
CPT340_Lane34PreAIT_08172020_Exp1,0542,0.5432,0.4589,0.7185,0.8866,1,512
CPT340_Lane34PreAIT_08172020_Exp1,0543,0.5146,0.4821,0.7198,0.9184,1,513
CPT340_Lane34PreAIT_08172020_Exp1,0544,0.5414,0.4927,0.7296,0.9024,1,514
CPT340_Lane34PreAIT_08172020_Exp1,0550,0.4065,0.452,0.6549,0.8749,1,515
CPT340_Lane34PreAIT_08172020_Exp1,0552,0.3798,0.4615,0.6144,0.9051,1,517
CPT340_Lane34PreAIT_08172020_Exp1,0553,0.2578,0.7628,0.4497,0.9911,1,518
CPT340_Lane34PreAIT_08172020_Exp1,0554,0.2256,0.7188,0.466,0.9904,1,519
CPT340_Lane34PreAIT_08172020_Exp1,0557,0.2577,0.7594,0.453,0.9742,1,521
CPT340_Lane34PreAIT_08172020_Exp1,0558,0.2454,0.7221,0.4621,0.9873,1,522
CPT340_Lane34PreAIT_08172020_Exp1,0559,0.2709,0.7858,0.4784,0.9887,1,523
CPT340_Lane34PreAIT_08172020_Exp1,0560,0.2381,0.7637,0.4191,1.0,1,524
CPT340_Lane34PreAIT_08172020_Exp1,0561,0.2749,0.7463,0.4249,1.0,1,525
CPT340_Lane34PreAIT_08172020_Exp1,0576,0.1821,0.7255,0.3696,1.0,1,526
CPT340_Lane34PreAIT_08172020_Exp1,0577,0.1979,0.7086,0.3572,0.9762,1,527
CPT340_Lane34PreAIT_08172020_Exp1,0578,0.1848,0.7056,0.362,0.9846,1,528
CPT340_Lane34PreAIT_08172020_Exp1,0579,0.181,0.7539,0.3858,1.0,1,529
CPT340_Lane34PreAIT_08172020_Exp1,0584,0.7159,0.7486,0.9523,0.9962,1,530
CPT340_Lane34PreAIT_08172020_Exp1,0585,0.7095,0.7317,0.9831,0.9941,1,531
CPT340_Lane34PreAIT_08172020_Exp1,0586,0.7158,0.7281,0.9875,0.9828,1,532
CPT340_Lane34PreAIT_08172020_Exp1,0590,0.4827,0.4623,0.7003,0.8357,1,533
CPT340_Lane34PreAIT_08172020_Exp1,0591,0.4245,0.4384,0.65,0.8945,1,534
CPT340_Lane34PreAIT_08172020_Exp1,0599,0.5024,0.4578,0.7219,0.8037,1,536