cam11-xfr-1,00005,0.229,0.485,0.517,0.930,3,0
cam11-xfr-1,00009,0.168,0.182,0.466,0.713,2,0
cam11-xfr-1,00010,0.392,0.101,0.645,0.671,2,0
cam11-xfr-1,00010,0.224,0.000,0.476,0.377,3,0
cam11-xfr-1,00014,0.244,0.180,0.596,0.717,2,0
cam11-xfr-1,00017,0.303,0.127,0.529,0.669,2,0
cam11-xfr-1,00020,0.166,0.211,0.498,0.684,2,0
cam11-xfr-1,00023,0.230,0.123,0.429,0.682,2,0
cam11-xfr-1,00024,0.277,0.002,0.477,0.377,2,0
cam11-xfr-1,00026,0.098,0.250,0.514,0.735,2,0
cam11-xfr-1,00028,0.237,0.002,0.409,0.292,2,0
cam11-xfr-1,00030,0.296,0.167,0.533,0.748,2,0
cam11-xfr-1,00031,0.129,0.162,0.382,0.700,2,0
cam11-xfr-1,00033,0.327,0.138,0.538,0.733,2,0
cam11-xfr-1,00033,0.129,0.217,0.375,0.798,2,0
cam11-xfr-1,00035,0.117,0.298,0.451,0.763,3,0
cam11-xfr-1,00038,0.042,0.296,0.329,0.840,2,0
cam11-xfr-1,00039,0.117,0.340,0.403,0.814,2,0
cam11-xfr-1,00041,0.124,0.202,0.408,0.761,2,0
cam11-xfr-1,00042,0.261,0.165,0.449,0.722,2,0
cam11-xfr-1,00044,0.064,0.195,0.311,0.882,2,0
cam11-xfr-1,00046,0.258,0.167,0.482,0.684,2,0
cam11-xfr-1,00048,0.253,0.263,0.526,0.930,2,0
cam11-xfr-1,00048,0.029,0.191,0.304,0.752,2,0
cam11-xfr-1,00051,0.044,0.197,0.327,0.761,2,0
cam11-xfr-1,00053,0.154,0.197,0.449,0.697,2,0
cam11-xfr-1,00054,0.171,0.290,0.475,0.851,2,0
cam11-xfr-1,00055,0.107,0.175,0.385,0.689,2,0
cam11-xfr-1,00056,0.145,0.000,0.393,0.246,3,0
cam11-xfr-1,00058,0.089,0.206,0.333,0.713,2,0
cam11-xfr-1,00061,0.118,0.237,0.376,0.693,2,0
cam11-xfr-1,00061,0.087,0.204,0.367,0.686,2,0
cam11-xfr-1,00063,0.077,0.222,0.335,0.752,2,0
cam11-xfr-1,00067,0.166,0.215,0.406,0.722,2,0
cam11-xfr-1,00069,0.000,0.191,0.325,0.814,2,0
cam11-xfr-1,00073,0.202,0.208,0.397,0.733,2,0
cam11-xfr-1,00073,0.000,0.226,0.224,0.774,2,0
cam11-xfr-1,00075,0.190,0.000,0.385,0.430,2,0
cam11-xfr-1,00076,0.018,0.241,0.292,0.761,2,0
cam11-xfr-1,00078,0.165,0.191,0.390,0.689,2,0
cam11-xfr-1,00080,0.019,0.217,0.325,0.733,2,0
cam11-xfr-1,00081,0.040,0.000,0.309,0.296,3,0
cam11-xfr-1,00082,0.000,0.364,0.202,0.831,3,0
cam11-xfr-1,00086,0.116,0.000,0.353,0.294,2,0
cam11-xfr-1,00086,0.000,0.237,0.214,0.643,2,0
cam11-xfr-1,00090,0.000,0.252,0.161,0.730,2,0
cam11-xfr-1,00092,0.026,0.217,0.293,0.647,2,0
cam11-xfr-1,00094,0.001,0.204,0.218,0.763,2,0
cam11-xfr-1,00097,0.000,0.239,0.240,0.647,2,0
cam11-xfr-1,00098,0.057,0.006,0.346,0.397,3,0
cam11-xfr-1,00100,0.000,0.276,0.382,0.888,3,0
cam11-xfr-1,00100,0.035,0.006,0.361,0.403,3,0
cam11-xfr-1,00105,0.001,0.265,0.323,0.816,2,0
cam11-xfr-1,00109,0.001,0.237,0.267,0.873,2,0
cam11-xfr-1,00116,0.001,0.211,0.207,0.759,2,0
cam11-xfr-1,00121,0.000,0.000,0.119,0.386,2,0
cam11-xfr-1,00124,0.000,0.283,0.207,0.748,2,0
cam11-xfr-1,00129,0.000,0.257,0.197,0.638,2,0
cam11-xfr-1,00133,0.000,0.682,0.284,0.991,3,0
cam11-xfr-1,00135,0.013,0.592,0.272,0.871,3,0
cam11-xfr-1,00144,0.343,0.162,0.528,0.634,3,0
cam11-xfr-1,00144,0.633,0.386,0.829,0.917,3,0
cam11-xfr-1,00145,0.761,0.430,0.983,0.989,3,0
cam11-xfr-1,00154,0.216,0.147,0.380,0.577,3,0
cam11-xfr-1,00155,0.112,0.228,0.321,0.610,3,0
cam11-xfr-1,00207,0.000,0.026,0.172,0.456,2,0
cam11-xfr-1,00215,0.000,0.281,0.207,0.684,2,0
cam11-xfr-1,00221,0.002,0.002,0.217,0.412,2,0
cam11-xfr-1,00226,0.003,0.002,0.260,0.377,2,0
cam11-xfr-1,00229,0.001,0.386,0.251,0.805,3,0
cam11-xfr-1,00229,0.005,0.000,0.284,0.388,3,0
cam11-xfr-1,00231,0.018,0.000,0.261,0.401,2,0
cam11-xfr-1,00232,0.080,0.239,0.292,0.682,2,0
cam11-xfr-1,00233,0.001,0.224,0.224,0.706,2,0
cam11-xfr-1,00236,0.002,0.002,0.264,0.436,2,0
cam11-xfr-1,00238,0.033,0.186,0.301,0.678,2,0
cam11-xfr-1,00239,0.098,0.006,0.360,0.425,2,0
cam11-xfr-1,00241,0.000,0.140,0.174,0.722,2,0
cam11-xfr-1,00243,0.011,0.204,0.250,0.704,2,0
cam11-xfr-1,00245,0.101,0.000,0.304,0.382,2,0
cam11-xfr-1,00246,0.000,0.175,0.383,0.713,2,0
cam11-xfr-1,00249,0.087,0.241,0.301,0.636,2,0
cam11-xfr-1,00250,0.037,0.006,0.333,0.340,3,0
cam11-xfr-1,00252,0.085,0.000,0.321,0.351,2,0
cam11-xfr-1,00252,0.179,0.217,0.376,0.654,2,0
cam11-xfr-1,00257,0.122,0.303,0.365,0.774,2,0
cam11-xfr-1,00257,0.077,0.000,0.329,0.364,2,0
cam11-xfr-1,00258,0.143,0.224,0.388,0.697,2,0
cam11-xfr-1,00259,0.002,0.235,0.243,0.809,2,0
cam11-xfr-1,00261,0.098,0.004,0.312,0.349,2,0
cam11-xfr-1,00262,0.027,0.243,0.333,0.739,2,0
cam11-xfr-1,00265,0.132,0.202,0.433,0.728,2,0
cam11-xfr-1,00267,0.006,0.274,0.287,0.776,2,0
cam11-xfr-1,00268,0.073,0.000,0.301,0.357,2,0
cam11-xfr-1,00271,0.044,0.237,0.360,0.671,2,0
cam11-xfr-1,00273,0.086,0.004,0.346,0.404,2,0
cam11-xfr-1,00274,0.031,0.285,0.401,0.708,3,0
cam11-xfr-1,00277,0.285,0.226,0.489,0.673,2,0
cam11-xfr-1,00278,0.073,0.246,0.316,0.711,2,0
cam11-xfr-1,00281,0.089,0.325,0.465,0.794,2,0
cam11-xfr-1,00284,0.313,0.169,0.504,0.684,2,0
cam11-xfr-1,00284,0.187,0.000,0.406,0.300,2,0
cam11-xfr-1,00285,0.045,0.167,0.325,0.803,2,0
cam11-xfr-1,00287,0.259,0.333,0.498,0.809,2,0
cam11-xfr-1,00290,0.213,0.004,0.391,0.333,2,0
cam11-xfr-1,00292,0.034,0.222,0.334,0.739,2,0
cam11-xfr-1,00294,0.218,0.252,0.372,0.667,2,0
cam11-xfr-1,00295,0.328,0.165,0.493,0.645,2,0
cam11-xfr-1,00298,0.134,0.290,0.483,0.803,2,0
cam11-xfr-1,00301,0.150,0.217,0.438,0.754,2,0
cam11-xfr-1,00304,0.375,0.158,0.629,0.667,2,0
cam11-xfr-1,00336,0.095,0.502,0.396,0.829,3,0
cam11-xfr-1,00338,0.241,0.000,0.471,0.404,2,0
cam11-xfr-1,00339,0.290,0.000,0.469,0.428,2,0
cam11-xfr-1,00346,0.402,0.158,0.609,0.746,2,0
cam11-xfr-1,00347,0.139,0.186,0.446,0.704,2,0
cam11-xfr-1,00351,0.377,0.147,0.626,0.708,2,0
cam11-xfr-1,00352,0.293,0.000,0.582,0.382,2,0
cam11-xfr-1,00356,0.309,0.195,0.593,0.651,2,0
cam11-xfr-1,00358,0.174,0.002,0.514,0.382,3,0
cam11-xfr-1,00362,0.250,0.002,0.483,0.349,2,0
cam11-xfr-1,00364,0.096,0.191,0.369,0.638,2,0
cam11-xfr-1,00367,0.164,0.226,0.417,0.706,2,0
cam11-xfr-1,00370,0.203,0.189,0.381,0.665,2,0
cam11-xfr-1,00372,0.327,0.171,0.482,0.623,2,0
cam11-xfr-1,00372,0.205,0.000,0.391,0.393,2,0
cam11-xfr-1,00374,0.232,0.182,0.483,0.697,2,0
cam11-xfr-1,00376,0.274,0.004,0.452,0.371,2,0
cam11-xfr-1,00378,0.102,0.167,0.339,0.695,2,0
cam11-xfr-1,00378,0.181,0.000,0.450,0.296,3,0
cam11-xfr-1,00381,0.214,0.182,0.392,0.719,2,0
cam11-xfr-1,00383,0.050,0.162,0.311,0.669,2,0
cam11-xfr-1,00387,0.036,0.178,0.233,0.697,2,0
cam11-xfr-1,00388,0.189,0.162,0.403,0.667,2,0
cam11-xfr-1,00388,0.105,0.004,0.333,0.397,2,0
cam11-xfr-1,00390,0.124,0.002,0.376,0.340,2,0
cam11-xfr-1,00391,0.050,0.013,0.354,0.443,2,0
cam11-xfr-1,00395,0.116,0.024,0.245,0.377,2,0
cam11-xfr-1,00395,0.214,0.158,0.418,0.640,2,0
cam11-xfr-1,00396,0.018,0.222,0.233,0.711,2,0
cam11-xfr-1,00397,0.175,0.000,0.390,0.419,2,0
cam11-xfr-1,00398,0.003,0.351,0.254,0.829,3,0
cam11-xfr-1,00401,0.074,0.202,0.343,0.643,2,0
cam11-xfr-1,00403,0.027,0.224,0.353,0.726,2,0
cam11-xfr-1,00407,0.069,0.195,0.319,0.643,2,0
cam11-xfr-1,00408,0.000,0.219,0.186,0.761,2,0
cam11-xfr-1,00412,0.124,0.004,0.370,0.408,2,0
cam11-xfr-1,00414,0.000,0.241,0.280,0.645,2,0
cam11-xfr-1,00415,0.110,0.195,0.307,0.697,2,0
cam11-xfr-1,00417,0.003,0.217,0.200,0.724,2,0
cam11-xfr-1,00420,0.000,0.270,0.232,0.822,2,0
cam11-xfr-1,00423,0.006,0.000,0.280,0.485,2,0
cam11-xfr-1,00425,0.000,0.226,0.240,0.693,2,0
cam11-xfr-1,00425,0.128,0.000,0.340,0.375,2,0
cam11-xfr-1,00431,0.036,0.268,0.264,0.697,2,0
cam11-xfr-1,00434,0.005,0.195,0.182,0.658,2,0
cam11-xfr-1,00435,0.003,0.000,0.332,0.322,3,0
cam11-xfr-1,00443,0.005,0.248,0.223,0.702,2,0
cam11-xfr-1,00444,0.003,0.000,0.206,0.404,2,0
cam11-xfr-1,00447,0.002,0.186,0.196,0.746,2,0
cam11-xfr-1,00452,0.003,0.228,0.237,0.684,2,0
cam11-xfr-1,00460,0.000,0.193,0.229,0.649,2,0
cam11-xfr-1,00462,0.000,0.002,0.243,0.415,2,0
cam11-xfr-1,00465,0.001,0.263,0.239,0.715,2,0
cam11-xfr-1,00469,0.000,0.000,0.200,0.428,3,0
cam11-xfr-1,00472,0.005,0.254,0.177,0.695,2,0
cam11-xfr-1,00583,0.000,0.000,0.168,0.329,2,0
cam11-xfr-1,00595,0.003,0.000,0.209,0.412,3,0
cam11-xfr-1,00597,0.000,0.254,0.243,0.722,2,0
cam11-xfr-1,00600,0.000,0.000,0.240,0.351,2,0
cam11-xfr-1,00606,0.000,0.232,0.182,0.686,2,0
cam11-xfr-1,00608,0.000,0.000,0.233,0.349,2,0
cam11-xfr-1,00617,0.003,0.235,0.214,0.722,2,0
cam11-xfr-1,00620,0.000,0.002,0.259,0.357,3,0
cam11-xfr-1,00623,0.038,0.252,0.287,0.704,2,0
cam11-xfr-1,00627,0.060,0.228,0.249,0.627,2,0
cam11-xfr-1,00630,0.008,0.193,0.248,0.660,2,0
cam11-xfr-1,00632,0.013,0.006,0.307,0.399,2,0
cam11-xfr-1,00634,0.054,0.195,0.281,0.651,2,0
cam11-xfr-1,00636,0.012,0.000,0.306,0.404,2,0
cam11-xfr-1,00638,0.000,0.237,0.217,0.662,2,0
cam11-xfr-1,00643,0.000,0.228,0.274,0.640,2,0
cam11-xfr-1,00645,0.021,0.004,0.330,0.393,2,0
cam11-xfr-1,00649,0.000,0.191,0.229,0.605,2,0
cam11-xfr-1,00651,0.011,0.004,0.312,0.353,2,0
cam11-xfr-1,00652,0.000,0.224,0.266,0.691,3,0
cam11-xfr-1,00654,0.153,0.243,0.360,0.730,2,0
cam11-xfr-1,00656,0.028,0.189,0.246,0.665,2,0
cam11-xfr-1,00662,0.148,0.206,0.345,0.689,2,0
cam11-xfr-1,00663,0.074,0.002,0.338,0.393,2,0
cam11-xfr-1,00665,0.181,0.002,0.378,0.485,2,0
cam11-xfr-1,00665,0.015,0.202,0.227,0.706,2,0
cam11-xfr-1,00668,0.006,0.200,0.318,0.678,2,0
cam11-xfr-1,00670,0.059,0.257,0.272,0.713,2,0
cam11-xfr-1,00672,0.140,0.002,0.434,0.368,3,0
cam11-xfr-1,00674,0.185,0.000,0.398,0.366,2,0
cam11-xfr-1,00674,0.245,0.195,0.475,0.757,2,0
cam11-xfr-1,00677,0.115,0.257,0.448,0.754,2,0
cam11-xfr-1,00678,0.163,0.000,0.398,0.432,2,0
cam11-xfr-1,00680,0.001,0.241,0.272,0.754,2,0
cam11-xfr-1,00681,0.249,0.195,0.464,0.675,2,0
cam11-xfr-1,00682,0.248,0.000,0.439,0.461,2,0
cam11-xfr-1,00686,0.131,0.215,0.391,0.792,2,0
cam11-xfr-1,00690,0.243,0.160,0.441,0.665,2,0
cam11-xfr-1,00692,0.296,0.000,0.541,0.421,2,0
cam11-xfr-1,00694,0.161,0.211,0.535,0.752,2,0
cam11-xfr-1,00696,0.224,0.204,0.471,0.678,2,0
cam11-xfr-1,00699,0.143,0.261,0.387,0.739,2,0
cam11-xfr-1,00701,0.322,0.184,0.562,0.684,2,0
cam11-xfr-1,00710,0.000,0.726,0.169,1.000,3,0
cam11-xfr-1,00715,0.001,0.660,0.261,0.991,3,0
cam11-xfr-1,00719,0.045,0.597,0.322,0.965,3,0
cam11-xfr-1,00729,0.124,0.000,0.439,0.169,3,0
cam11-xfr-1,00734,0.001,0.533,0.184,0.807,3,0
cam11-xfr-1,00745,0.256,0.165,0.480,0.807,2,0
cam11-xfr-1,00747,0.182,0.219,0.543,0.724,2,0
cam11-xfr-1,00751,0.313,0.219,0.535,0.908,2,0
cam11-xfr-1,00752,0.281,0.004,0.549,0.399,2,0
cam11-xfr-1,00754,0.185,0.186,0.418,0.700,2,0
cam11-xfr-1,00755,0.243,0.248,0.540,0.737,2,0
cam11-xfr-1,00757,0.243,0.224,0.492,0.831,2,0
cam11-xfr-1,00759,0.235,0.002,0.404,0.410,2,0
cam11-xfr-1,00761,0.291,0.013,0.515,0.417,2,0
cam11-xfr-1,00764,0.362,0.125,0.533,0.757,2,0
cam11-xfr-1,00766,0.126,0.246,0.346,0.761,2,0
cam11-xfr-1,00768,0.134,0.000,0.330,0.436,2,0
cam11-xfr-1,00770,0.250,0.134,0.465,0.774,2,0
cam11-xfr-1,00772,0.019,0.165,0.285,0.706,2,0
cam11-xfr-1,00774,0.172,0.006,0.432,0.412,2,0
cam11-xfr-1,00775,0.248,0.123,0.439,0.790,2,0
cam11-xfr-1,00777,0.135,0.250,0.353,0.798,2,0
cam11-xfr-1,00779,0.145,0.195,0.425,0.741,2,0
cam11-xfr-1,00782,0.150,0.000,0.328,0.384,2,0
cam11-xfr-1,00783,0.024,0.226,0.270,0.809,2,0
cam11-xfr-1,00783,0.261,0.241,0.462,0.884,2,0
cam11-xfr-1,00786,0.260,0.265,0.461,0.978,2,0
cam11-xfr-1,00787,0.113,0.011,0.308,0.397,2,0
cam11-xfr-1,00790,0.068,0.217,0.372,0.735,2,0
cam11-xfr-1,00792,0.089,0.232,0.411,0.792,2,0
cam11-xfr-1,00794,0.079,0.270,0.399,0.816,2,0
cam11-xfr-1,00796,0.132,0.002,0.338,0.456,2,0
cam11-xfr-1,00798,0.101,0.250,0.318,0.739,2,0
cam11-xfr-1,00799,0.032,0.004,0.264,0.417,2,0
cam11-xfr-1,00804,0.001,0.279,0.224,0.790,2,0
cam11-xfr-1,00804,0.137,0.002,0.346,0.474,2,0
cam11-xfr-1,00805,0.186,0.241,0.418,0.836,2,0
cam11-xfr-1,00809,0.070,0.011,0.281,0.436,2,0
cam11-xfr-1,00811,0.073,0.230,0.390,0.844,2,0
cam11-xfr-1,00811,0.150,0.246,0.353,0.829,2,0
cam11-xfr-1,00813,0.045,0.261,0.309,0.704,2,0
cam11-xfr-1,00814,0.069,0.006,0.277,0.410,2,0
cam11-xfr-1,00816,0.087,0.263,0.395,0.879,2,0
cam11-xfr-1,00818,0.070,0.272,0.323,0.779,2,0
cam11-xfr-1,00823,0.000,0.498,0.246,0.923,3,0
cam11-xfr-1,00824,0.065,0.013,0.235,0.452,2,0
cam11-xfr-1,00827,0.000,0.303,0.221,0.665,2,0
cam11-xfr-1,00827,0.002,0.028,0.155,0.379,2,0
cam11-xfr-1,00828,0.016,0.311,0.346,0.726,2,0
cam11-xfr-1,00831,0.000,0.250,0.201,0.689,2,0
cam11-xfr-1,00833,0.000,0.017,0.166,0.454,2,0
cam11-xfr-1,00834,0.033,0.290,0.267,0.915,2,0
cam11-xfr-1,00838,0.000,0.252,0.214,0.711,2,0
cam11-xfr-1,00841,0.000,0.265,0.277,0.790,2,0
cam11-xfr-1,00844,0.000,0.246,0.202,0.757,2,0
cam11-xfr-1,00845,0.002,0.263,0.316,0.772,2,0
cam11-xfr-1,00847,0.022,0.000,0.232,0.434,2,0
cam11-xfr-1,00849,0.000,0.263,0.248,0.785,2,0
cam11-xfr-1,00853,0.039,0.200,0.282,0.735,2,0
cam11-xfr-1,00855,0.000,0.013,0.198,0.428,2,0
cam11-xfr-1,00856,0.000,0.006,0.260,0.357,3,0
cam11-xfr-1,00856,0.008,0.245,0.281,0.726,3,0
cam11-xfr-1,00860,0.000,0.384,0.303,0.882,2,0
cam11-xfr-1,00865,0.000,0.296,0.322,0.774,2,0
cam11-xfr-1,00873,0.001,0.268,0.229,0.695,2,0
cam11-xfr-1,00967,0.003,0.248,0.208,0.702,3,0
cam11-xfr-1,00970,0.024,0.000,0.201,0.395,2,0
cam11-xfr-1,00976,0.008,0.000,0.196,0.472,2,0
cam11-xfr-1,00980,0.000,0.287,0.240,0.877,2,0
cam11-xfr-1,00981,0.002,0.000,0.232,0.445,2,0
cam11-xfr-1,00982,0.000,0.232,0.147,0.658,2,0
cam11-xfr-1,00984,0.000,0.298,0.228,0.923,2,0
cam11-xfr-1,00986,0.003,0.013,0.187,0.472,2,0
cam11-xfr-1,00991,0.006,0.279,0.205,0.682,2,0
cam11-xfr-1,00994,0.000,0.298,0.174,0.772,2,0
cam11-xfr-1,00997,0.001,0.011,0.158,0.395,2,0
cam11-xfr-1,00998,0.000,0.294,0.301,0.686,2,0
cam11-xfr-1,01000,0.121,0.000,0.301,0.452,2,0
cam11-xfr-1,01003,0.000,0.287,0.211,0.774,2,0
cam11-xfr-1,01005,0.002,0.298,0.311,0.722,2,0
cam11-xfr-1,01007,0.005,0.272,0.288,0.757,2,0
cam11-xfr-1,01010,0.000,0.257,0.244,0.702,2,0
cam11-xfr-1,01012,0.000,0.013,0.159,0.443,2,0
cam11-xfr-1,01013,0.015,0.241,0.276,0.728,2,0
cam11-xfr-1,01017,0.018,0.206,0.295,0.706,2,0
cam11-xfr-1,01017,0.171,0.000,0.386,0.487,2,0
cam11-xfr-1,01019,0.001,0.246,0.266,0.684,2,0
cam11-xfr-1,01021,0.017,0.202,0.304,0.671,2,0
cam11-xfr-1,01023,0.175,0.213,0.365,0.741,2,0
cam11-xfr-1,01024,0.000,0.232,0.187,0.733,2,0
cam11-xfr-1,01025,0.171,0.011,0.376,0.467,2,0
cam11-xfr-1,01027,0.021,0.237,0.323,0.702,2,0
cam11-xfr-1,01031,0.168,0.252,0.403,0.871,2,0
cam11-xfr-1,01034,0.162,0.000,0.369,0.454,2,0
cam11-xfr-1,01038,0.148,0.006,0.316,0.430,2,0
cam11-xfr-1,01039,0.112,0.248,0.351,0.833,2,0
cam11-xfr-1,01041,0.145,0.167,0.417,0.754,2,0
cam11-xfr-1,01044,0.242,0.246,0.470,0.796,2,0
cam11-xfr-1,01045,0.105,0.248,0.403,0.774,2,0
cam11-xfr-1,01047,0.134,0.000,0.365,0.393,2,0
cam11-xfr-1,01049,0.037,0.222,0.308,0.805,2,0
cam11-xfr-1,01052,0.139,0.232,0.329,0.706,2,0
cam11-xfr-1,01052,0.250,0.000,0.466,0.415,2,0
cam11-xfr-1,01055,0.153,0.239,0.432,0.722,2,0
cam11-xfr-1,01059,0.286,0.022,0.533,0.445,2,0
cam11-xfr-1,01060,0.324,0.316,0.610,0.759,2,0
cam11-xfr-1,01061,0.077,0.219,0.380,0.730,2,0
cam11-xfr-1,01064,0.219,0.000,0.441,0.382,2,0
cam11-xfr-1,01065,0.117,0.224,0.388,0.754,2,0
cam11-xfr-1,01067,0.228,0.226,0.445,0.761,2,0
cam11-xfr-1,01068,0.350,0.224,0.552,0.741,2,0
cam11-xfr-1,01071,0.291,0.002,0.540,0.393,2,0
cam11-xfr-1,01072,0.230,0.200,0.555,0.750,2,0
cam11-xfr-1,01073,0.181,0.211,0.403,0.750,2,0
cam11-xfr-1,01076,0.205,0.276,0.460,0.763,2,0
cam11-xfr-1,01077,0.321,0.292,0.635,0.783,2,0
cam11-xfr-1,01078,0.248,0.000,0.475,0.371,2,0
cam11-xfr-1,01080,0.166,0.208,0.467,0.713,2,0
cam11-xfr-1,01082,0.304,0.232,0.541,0.858,2,0
cam11-xfr-1,01084,0.293,0.002,0.602,0.368,2,0
cam11-xfr-1,01085,0.452,0.287,0.698,0.860,2,0
cam11-xfr-1,01087,0.222,0.219,0.475,0.768,2,0
cam11-xfr-1,01088,0.279,0.237,0.647,0.691,2,0
cam11-xfr-1,01089,0.248,0.197,0.475,0.719,2,0
cam11-xfr-1,01093,0.264,0.239,0.515,0.724,2,0
cam11-xfr-1,01098,0.189,0.274,0.592,0.746,2,0
cam13-xfr-1,00006,0.724,0.431,1.000,0.903,3,0
cam13-xfr-1,00006,0.752,0.006,0.991,0.254,3,0
cam13-xfr-1,00015,0.775,0.009,0.994,0.356,3,0
cam13-xfr-1,00015,0.765,0.353,0.994,0.760,3,0
cam13-xfr-1,00026,0.767,0.428,0.990,0.826,3,0
cam13-xfr-1,00031,0.860,0.227,1.000,0.598,2,0
cam13-xfr-1,00037,0.801,0.003,0.995,0.338,2,0
cam13-xfr-1,00039,0.780,0.143,0.995,0.609,2,0
cam13-xfr-1,00042,0.841,0.238,0.997,0.660,2,0
cam13-xfr-1,00046,0.824,0.261,0.996,0.718,2,0
cam13-xfr-1,00049,0.806,0.228,0.998,0.629,2,0
cam13-xfr-1,00053,0.752,0.228,0.997,0.764,2,0
cam13-xfr-1,00057,0.750,0.196,0.998,0.674,2,0
cam13-xfr-1,00060,0.758,0.165,0.999,0.680,2,0
cam13-xfr-1,00063,0.833,0.265,1.000,0.629,2,0
cam13-xfr-1,00064,0.795,0.175,1.000,0.592,2,0
cam13-xfr-1,00067,0.720,0.175,0.999,0.674,2,0
cam13-xfr-1,00069,0.799,0.185,0.995,0.621,2,0
cam13-xfr-1,00070,0.776,0.181,0.993,0.609,2,0
cam13-xfr-1,00072,0.718,0.172,0.994,0.705,2,0
cam13-xfr-1,00074,0.759,0.002,0.931,0.325,2,0
cam13-xfr-1,00076,0.812,0.186,0.999,0.610,2,0
cam13-xfr-1,00077,0.682,0.190,0.967,0.788,2,0
cam13-xfr-1,00082,0.685,0.177,0.934,0.806,2,0
cam13-xfr-1,00084,0.776,0.006,0.997,0.373,2,0
cam13-xfr-1,00085,0.699,0.179,0.995,0.665,2,0
cam13-xfr-1,00087,0.805,0.185,0.996,0.576,2,0
cam13-xfr-1,00090,0.740,0.007,0.957,0.307,3,0
cam13-xfr-1,00095,0.648,0.197,0.869,0.621,2,0
cam13-xfr-1,00098,0.608,0.165,0.863,0.790,2,0
cam13-xfr-1,00101,0.733,0.188,0.964,0.616,2,0
cam13-xfr-1,00103,0.621,0.179,0.918,0.784,2,0
cam13-xfr-1,00105,0.671,0.170,0.880,0.641,2,0
cam13-xfr-1,00106,0.771,0.002,0.948,0.344,3,0
cam13-xfr-1,00114,0.702,0.188,0.924,0.685,2,0
cam13-xfr-1,00114,0.512,0.205,0.733,0.673,2,0
cam13-xfr-1,00117,0.695,0.144,0.990,0.810,2,0
cam13-xfr-1,00119,0.536,0.218,0.780,0.685,2,0
cam13-xfr-1,00121,0.498,0.004,0.705,0.378,2,0
cam13-xfr-1,00125,0.671,0.170,0.951,0.760,2,0
cam13-xfr-1,00126,0.509,0.002,0.723,0.422,2,0
cam13-xfr-1,00128,0.487,0.197,0.685,0.777,2,0
cam13-xfr-1,00128,0.673,0.190,0.939,0.755,2,0
cam13-xfr-1,00130,0.540,0.000,0.830,0.435,2,0
cam13-xfr-1,00132,0.653,0.203,0.864,0.718,2,0
cam13-xfr-1,00135,0.512,0.002,0.705,0.411,2,0
cam13-xfr-1,00135,0.521,0.283,0.807,0.784,2,0
cam13-xfr-1,00138,0.648,0.199,0.845,0.618,2,0
cam13-xfr-1,00139,0.512,0.148,0.831,0.614,2,0
cam13-xfr-1,00141,0.424,0.175,0.617,0.815,2,0
cam13-xfr-1,00143,0.481,0.181,0.781,0.696,2,0
cam13-xfr-1,00145,0.588,0.139,0.821,0.709,2,0
cam13-xfr-1,00146,0.409,0.002,0.595,0.428,2,0
cam13-xfr-1,00147,0.415,0.165,0.614,0.821,2,0
cam13-xfr-1,00149,0.480,0.117,0.763,0.693,2,0
cam13-xfr-1,00152,0.509,0.002,0.697,0.409,2,0
cam13-xfr-1,00153,0.440,0.199,0.674,0.634,2,0
cam13-xfr-1,00155,0.410,0.249,0.637,0.841,2,0
cam13-xfr-1,00158,0.465,0.161,0.739,0.693,2,0
cam13-xfr-1,00159,0.398,0.002,0.595,0.400,2,0
cam13-xfr-1,00161,0.409,0.183,0.627,0.713,2,0
cam13-xfr-1,00163,0.557,0.172,0.794,0.799,2,0
cam13-xfr-1,00165,0.444,0.002,0.655,0.415,2,0
cam13-xfr-1,00167,0.465,0.005,0.637,0.446,2,0
cam13-xfr-1,00167,0.308,0.190,0.485,0.680,2,0
cam13-xfr-1,00169,0.484,0.218,0.688,0.762,2,0
cam13-xfr-1,00171,0.363,0.221,0.690,0.808,2,0
cam13-xfr-1,00173,0.387,0.216,0.610,0.737,2,0
cam13-xfr-1,00174,0.314,0.009,0.524,0.274,3,0
cam13-xfr-1,00176,0.314,0.331,0.639,0.826,2,0
cam13-xfr-1,00178,0.338,0.005,0.579,0.406,2,0
cam13-xfr-1,00180,0.409,0.205,0.674,0.828,2,0
cam13-xfr-1,00183,0.262,0.007,0.458,0.420,2,0
cam13-xfr-1,00185,0.253,0.219,0.518,0.729,2,0
cam13-xfr-1,00186,0.275,0.181,0.568,0.771,2,0
cam13-xfr-1,00192,0.349,0.207,0.523,0.652,2,0
cam13-xfr-1,00194,0.373,0.216,0.649,0.775,2,0
cam13-xfr-1,00196,0.460,0.005,0.654,0.398,2,0
cam13-xfr-1,00198,0.444,0.227,0.651,0.684,2,0
cam13-xfr-1,00583,0.379,0.140,0.659,0.713,2,0
cam13-xfr-1,00585,0.369,0.145,0.613,0.653,2,0
cam13-xfr-1,00586,0.490,0.005,0.752,0.258,3,0
cam13-xfr-1,00589,0.592,0.142,0.828,0.734,2,0
cam13-xfr-1,00591,0.434,0.179,0.650,0.708,2,0
cam13-xfr-1,00592,0.545,0.002,0.757,0.334,2,0
cam13-xfr-1,00595,0.463,0.129,0.684,0.655,2,0
cam13-xfr-1,00597,0.591,0.132,0.813,0.692,2,0
cam13-xfr-1,00598,0.418,0.176,0.714,0.763,2,0
cam13-xfr-1,00600,0.469,0.000,0.702,0.390,2,0
cam13-xfr-1,00602,0.468,0.142,0.680,0.663,2,0
cam13-xfr-1,00603,0.523,0.005,0.759,0.332,2,0
cam13-xfr-1,00606,0.714,0.121,0.903,0.663,2,0
cam13-xfr-1,00607,0.505,0.153,0.776,0.648,2,0
cam13-xfr-1,00609,0.611,0.000,0.828,0.342,2,0
cam13-xfr-1,00611,0.529,0.000,0.714,0.416,2,0
cam13-xfr-1,00612,0.546,0.119,0.764,0.663,2,0
cam13-xfr-1,00615,0.570,0.155,0.859,0.745,2,0
cam13-xfr-1,00617,0.594,0.000,0.859,0.334,2,0
cam13-xfr-1,00619,0.523,0.150,0.771,0.661,2,0
cam13-xfr-1,00623,0.585,0.008,0.792,0.353,2,0
cam13-xfr-1,00624,0.496,0.166,0.758,0.687,2,0
cam13-xfr-1,00626,0.668,0.126,0.900,0.698,2,0
cam13-xfr-1,00628,0.558,0.132,0.767,0.679,2,0
cam13-xfr-1,00629,0.714,0.000,0.934,0.313,3,0
cam13-xfr-1,00632,0.798,0.142,0.989,0.624,2,0
cam13-xfr-1,00632,0.614,0.000,0.823,0.384,2,0
cam13-xfr-1,00636,0.776,0.187,0.983,0.592,2,0
cam13-xfr-1,00637,0.600,0.008,0.802,0.316,2,0
cam13-xfr-1,00639,0.597,0.124,0.927,0.645,2,0
cam13-xfr-1,00641,0.727,0.000,0.947,0.387,2,0
cam13-xfr-1,00643,0.706,0.145,0.970,0.637,2,0
cam13-xfr-1,00645,0.671,0.000,0.885,0.347,2,0
cam13-xfr-1,00648,0.591,0.142,0.876,0.653,2,0
cam13-xfr-1,00650,0.600,0.195,0.863,0.792,2,0
cam13-xfr-1,00652,0.668,0.147,0.899,0.619,2,0
cam13-xfr-1,00654,0.730,0.000,0.946,0.371,2,0
cam13-xfr-1,00655,0.681,0.171,0.984,0.690,2,0
cam13-xfr-1,00658,0.647,0.121,0.879,0.608,2,0
cam13-xfr-1,00659,0.681,0.000,0.918,0.382,2,0
cam13-xfr-1,00663,0.870,0.153,1.000,0.540,2,0
cam13-xfr-1,00665,0.731,0.171,0.989,0.598,2,0
cam13-xfr-1,00670,0.876,0.192,1.000,0.626,2,0
cam13-xfr-1,00672,0.745,0.000,0.933,0.411,2,0
cam13-xfr-1,00673,0.731,0.195,0.955,0.613,2,0
cam13-xfr-1,00676,0.796,0.163,1.000,0.650,2,0
cam13-xfr-1,00679,0.752,0.169,0.999,0.624,2,0
cam13-xfr-1,00687,0.791,0.000,0.996,0.313,2,0
cam13-xfr-1,00689,0.725,0.184,0.983,0.719,2,0
cam13-xfr-1,00691,0.836,0.000,0.995,0.395,2,0
cam13-xfr-1,00695,0.745,0.179,0.998,0.650,2,0
cam13-xfr-1,00699,0.854,0.153,1.000,0.548,2,0
cam13-xfr-1,00705,0.842,0.179,1.000,0.584,2,0
cam13-xfr-1,00713,0.722,0.419,1.000,0.745,3,0
cam13-xfr-1,00713,0.808,0.034,0.968,0.369,3,0
cam13-xfr-1,00715,0.042,0.579,0.269,0.979,3,0
cam13-xfr-1,00715,0.446,0.545,0.681,0.921,3,0
cam13-xfr-1,00716,0.003,0.000,0.144,0.369,3,0
cam13-xfr-1,00716,0.018,0.519,0.289,0.903,3,0
cam13-xfr-1,00718,0.366,0.740,0.681,1.000,3,0
cam13-xfr-1,00720,0.000,0.539,0.274,0.987,3,0
cam13-xfr-1,00722,0.037,0.311,0.363,0.900,3,0
cam13-xfr-1,00728,0.727,0.492,0.998,0.916,3,0
cam13-xfr-1,00733,0.508,0.548,0.811,0.998,3,0
cam13-xfr-1,00735,0.002,0.000,0.175,0.566,3,0
cam13-xfr-1,00739,0.524,0.508,0.894,0.961,3,0
cam13-xfr-1,00739,0.740,0.000,1.000,0.284,3,0
cam13-xfr-1,00743,0.755,0.002,0.995,0.308,3,0
cam13-xfr-1,00743,0.554,0.437,0.842,0.876,3,0
cam13-xfr-1,00749,0.009,0.534,0.265,0.992,3,0
cam13-xfr-1,00751,0.582,0.498,0.919,0.998,3,0
cam13-xfr-1,00754,0.894,0.174,1.000,0.590,2,0
cam13-xfr-1,00763,0.802,0.158,0.996,0.598,2,0
cam13-xfr-1,00768,0.822,0.000,0.998,0.363,2,0
cam13-xfr-1,00777,0.788,0.000,0.989,0.376,2,0
cam13-xfr-1,00779,0.921,0.097,1.000,0.519,2,0
cam13-xfr-1,00781,0.746,0.174,0.983,0.669,2,0
cam13-xfr-1,00782,0.807,0.000,0.996,0.403,2,0
cam13-xfr-1,00784,0.863,0.137,0.998,0.616,2,0
cam13-xfr-1,00786,0.752,0.174,1.000,0.650,2,0
cam13-xfr-1,00788,0.832,0.142,1.000,0.566,2,0
cam13-xfr-1,00791,0.762,0.002,0.993,0.379,2,0
cam13-xfr-1,00797,0.786,0.000,0.992,0.376,2,0
cam13-xfr-1,00799,0.793,0.153,0.996,0.595,2,0
cam13-xfr-1,00801,0.786,0.161,0.996,0.566,2,0
cam13-xfr-1,00803,0.752,0.224,1.000,0.674,2,0
cam13-xfr-1,00805,0.777,0.000,0.979,0.358,2,0
cam13-xfr-1,00807,0.771,0.211,0.998,0.655,2,0
cam13-xfr-1,00807,0.681,0.000,0.896,0.353,2,0
cam13-xfr-1,00810,0.811,0.253,0.993,0.742,3,0
cam13-xfr-1,00813,0.776,0.002,0.990,0.405,2,0
cam13-xfr-1,00813,0.654,0.234,0.983,0.755,2,0
cam13-xfr-1,00814,0.829,0.158,1.000,0.616,2,0
cam13-xfr-1,00818,0.727,0.002,0.942,0.390,2,0
cam13-xfr-1,00819,0.759,0.147,0.990,0.671,2,0
cam13-xfr-1,00820,0.878,0.192,0.989,0.613,2,0
cam13-xfr-1,00823,0.714,0.000,0.933,0.345,2,0
cam13-xfr-1,00824,0.771,0.158,0.995,0.711,2,0
cam13-xfr-1,00826,0.768,0.169,0.996,0.750,3,0
cam13-xfr-1,00827,0.820,0.169,0.993,0.616,2,0
cam13-xfr-1,00832,0.720,0.008,0.937,0.403,2,0
cam13-xfr-1,00836,0.768,0.163,0.950,0.658,2,0
cam13-xfr-1,00836,0.616,0.000,0.819,0.379,2,0
cam13-xfr-1,00837,0.688,0.190,0.989,0.698,2,0
cam13-xfr-1,00840,0.620,0.161,0.847,0.700,2,0
cam13-xfr-1,00842,0.663,0.000,0.857,0.379,2,0
cam13-xfr-1,00843,0.739,0.211,0.993,0.803,2,0
cam13-xfr-1,00844,0.680,0.197,0.977,0.734,2,0
cam13-xfr-1,00846,0.614,0.171,0.885,0.674,2,0
cam13-xfr-1,00847,0.717,0.124,0.950,0.663,2,0
cam13-xfr-1,00849,0.669,0.184,0.958,0.716,2,0
cam13-xfr-1,00852,0.641,0.184,0.900,0.771,2,0
cam13-xfr-1,00854,0.662,0.166,0.992,0.766,2,0
cam13-xfr-1,00856,0.595,0.000,0.903,0.379,2,0
cam13-xfr-1,00857,0.691,0.208,0.964,0.748,2,0
cam13-xfr-1,00860,0.625,0.208,0.893,0.771,2,0
cam13-xfr-1,00861,0.786,0.182,0.987,0.666,2,0
cam13-xfr-1,00862,0.560,0.208,0.802,0.845,2,0
cam13-xfr-1,00864,0.607,0.008,0.801,0.382,2,0
cam13-xfr-1,00864,0.628,0.142,0.986,0.634,3,0
cam13-xfr-1,00867,0.574,0.190,0.955,0.695,2,0
cam13-xfr-1,00868,0.545,0.269,0.810,0.853,2,0
cam13-xfr-1,00869,0.494,0.166,0.736,0.713,2,0
cam13-xfr-1,00869,0.508,0.171,0.742,0.719,2,0
cam13-xfr-1,00869,0.708,0.155,0.976,0.753,2,0
cam13-xfr-1,00872,0.576,0.221,0.887,0.771,2,0
cam13-xfr-1,00874,0.530,0.002,0.737,0.345,2,0
cam13-xfr-1,00875,0.697,0.190,0.958,0.711,2,0
cam13-xfr-1,00877,0.537,0.171,0.819,0.708,2,0
cam13-xfr-1,00881,0.447,0.171,0.810,0.669,2,0
cam13-xfr-1,00881,0.574,0.184,0.839,0.692,2,0
cam13-xfr-1,00884,0.351,0.326,0.592,0.890,3,0
cam13-xfr-1,00886,0.487,0.000,0.717,0.397,2,0
cam13-xfr-1,00887,0.380,0.000,0.603,0.408,2,0
cam13-xfr-1,00889,0.579,0.192,0.930,0.761,2,0
cam13-xfr-1,00891,0.434,0.018,0.631,0.434,2,0
cam13-xfr-1,00893,0.386,0.216,0.645,0.824,2,0
cam13-xfr-1,00894,0.591,0.174,0.881,0.742,2,0
cam13-xfr-1,00897,0.481,0.284,0.835,0.748,2,0
cam13-xfr-1,00898,0.440,0.002,0.629,0.469,2,0
cam13-xfr-1,00900,0.573,0.176,0.745,0.763,2,0
cam13-xfr-1,00901,0.462,0.161,0.714,0.761,2,0
cam13-xfr-1,00902,0.480,0.224,0.825,0.687,2,0
cam13-xfr-1,00905,0.400,0.005,0.628,0.374,2,0
cam13-xfr-1,00905,0.569,0.169,0.833,0.892,2,0
cam13-xfr-1,00907,0.600,0.197,0.823,0.940,2,0
cam13-xfr-1,00908,0.370,0.184,0.629,0.726,2,0
cam13-xfr-1,00910,0.539,0.000,0.734,0.429,2,0
cam13-xfr-1,00910,0.472,0.250,0.825,0.858,2,0
cam13-xfr-1,00913,0.558,0.174,0.825,0.719,2,0
cam13-xfr-1,00915,0.367,0.271,0.696,0.895,2,0
cam13-xfr-1,00917,0.348,0.008,0.574,0.379,2,0
cam13-xfr-1,00919,0.314,0.002,0.534,0.413,2,0
cam13-xfr-1,00920,0.274,0.211,0.523,0.919,2,0
cam13-xfr-1,00923,0.311,0.195,0.607,0.740,2,0
cam13-xfr-1,00923,0.219,0.532,0.548,0.990,3,0
cam13-xfr-1,00924,0.443,0.192,0.708,0.813,2,0
cam13-xfr-1,00925,0.231,0.205,0.493,0.837,2,0
cam13-xfr-1,00926,0.419,0.002,0.604,0.450,2,0
cam13-xfr-1,00928,0.179,0.205,0.472,0.874,3,0
cam13-xfr-1,00930,0.366,0.205,0.643,0.819,2,0
cam13-xfr-1,00933,0.037,0.208,0.401,0.800,2,0
cam13-xfr-1,00935,0.216,0.010,0.391,0.440,2,0
cam13-xfr-1,00937,0.333,0.200,0.608,0.848,2,0
cam13-xfr-1,00939,0.195,0.226,0.499,0.955,2,0
cam13-xfr-1,00941,0.187,0.295,0.392,0.955,2,0
cam13-xfr-1,00942,0.355,0.000,0.545,0.445,2,0
cam13-xfr-1,00945,0.240,0.213,0.514,0.763,2,0
cam13-xfr-1,00949,0.327,0.008,0.534,0.440,2,0
cam13-xfr-1,00951,0.120,0.182,0.456,0.876,2,0
cam13-xfr-1,00954,0.416,0.155,0.767,0.732,3,0
cam13-xfr-1,00957,0.415,0.182,0.721,0.821,2,0
cam13-xfr-1,00959,0.554,0.005,0.755,0.374,2,0
cam13-xfr-1,00960,0.443,0.187,0.691,0.819,2,0
cam13-xfr-1,00962,0.358,0.150,0.600,0.948,2,0
cam13-xfr-1,00965,0.351,0.132,0.613,0.816,2,0
cam13-xfr-1,00966,0.536,0.174,0.755,0.713,2,0
cam13-xfr-1,00967,0.401,0.013,0.614,0.448,2,0
cam13-xfr-1,00969,0.570,0.169,0.793,0.721,2,0
cam13-xfr-1,00970,0.423,0.129,0.705,0.703,2,0
cam13-xfr-1,00972,0.339,0.240,0.611,0.800,2,0
cam13-xfr-1,00974,0.426,0.000,0.644,0.369,2,0
cam13-xfr-1,00975,0.577,0.145,0.801,0.726,2,0
cam13-xfr-1,00975,0.367,0.071,0.654,0.845,3,0
cam13-xfr-1,00978,0.456,0.253,0.727,0.824,2,0
cam13-xfr-1,00979,0.638,0.002,0.919,0.405,2,0
cam13-xfr-1,00981,0.580,0.163,0.893,0.740,2,0
cam13-xfr-1,00983,0.434,0.179,0.724,0.748,2,0
cam13-xfr-1,00985,0.645,0.000,0.899,0.405,2,0
cam13-xfr-1,00987,0.536,0.234,0.801,0.740,2,0
cam13-xfr-1,00989,0.709,0.200,0.955,0.813,2,0
cam13-xfr-1,00990,0.657,0.000,0.865,0.400,2,0
cam13-xfr-1,00991,0.617,0.169,0.850,0.637,2,0
cam13-xfr-1,00993,0.688,0.205,0.953,0.811,2,0
cam13-xfr-1,00995,0.603,0.000,0.887,0.408,2,0
cam13-xfr-1,00996,0.466,0.192,0.751,0.779,2,0
cam13-xfr-1,00997,0.551,0.182,0.817,0.771,2,0
cam13-xfr-1,00999,0.529,0.000,0.770,0.355,2,0
cam13-xfr-1,01001,0.681,0.208,0.961,0.711,3,0
cam13-xfr-1,01003,0.605,0.211,0.859,0.874,2,0
cam13-xfr-1,01006,0.666,0.002,0.859,0.416,2,0
cam13-xfr-1,01007,0.685,0.158,0.937,0.616,2,0
cam13-xfr-1,01009,0.610,0.171,0.854,0.766,2,0
cam13-xfr-1,01009,0.783,0.000,0.989,0.413,2,0
cam13-xfr-1,01012,0.629,0.187,0.915,0.779,2,0
cam13-xfr-1,01014,0.733,0.192,0.977,0.642,2,0
cam13-xfr-1,01016,0.703,0.155,0.946,0.669,2,0
cam13-xfr-1,01018,0.677,0.195,0.945,0.666,2,0
cam13-xfr-1,01021,0.678,0.002,0.870,0.426,2,0
cam13-xfr-1,01022,0.796,0.137,0.989,0.645,2,0
cam13-xfr-1,01025,0.783,0.179,0.980,0.629,2,0
cam13-xfr-1,01025,0.749,0.005,1.000,0.342,2,0
cam13-xfr-1,01027,0.739,0.161,0.993,0.619,2,0
cam13-xfr-1,01030,0.734,0.176,0.995,0.600,2,0
cam13-xfr-1,01032,0.860,0.184,0.989,0.603,2,0
cam13-xfr-1,01033,0.662,0.174,0.936,0.732,2,0
cam13-xfr-1,01034,0.768,0.029,1.000,0.395,2,0
cam13-xfr-1,01036,0.709,0.203,0.977,0.605,2,0
cam13-xfr-1,01042,0.773,0.005,0.996,0.342,2,0
cam13-xfr-1,01047,0.724,0.000,0.971,0.395,2,0
cam13-xfr-1,01048,0.795,0.197,1.000,0.671,2,0
cam13-xfr-1,01054,0.793,0.200,1.000,0.650,2,0
cam13-xfr-1,01056,0.799,0.000,0.995,0.390,2,0
cam13-xfr-1,01058,0.717,0.150,0.998,0.724,2,0
cam13-xfr-1,01061,0.788,0.208,0.992,0.608,2,0
cam13-xfr-1,01064,0.796,0.229,1.000,0.671,2,0
cam13-xfr-1,01070,0.761,0.166,0.998,0.695,2,0
cam13-xfr-1,01073,0.813,0.005,0.996,0.363,2,0
cam13-xfr-2,00005,0.821,0.216,0.995,0.628,2,0
cam13-xfr-2,00007,0.804,0.167,1.000,0.634,2,0
cam13-xfr-2,00009,0.767,0.003,0.997,0.316,3,0
cam13-xfr-2,00012,0.710,0.194,1.000,0.709,2,0
cam13-xfr-2,00015,0.752,0.001,0.997,0.369,2,0
cam13-xfr-2,00017,0.689,0.156,1.000,0.707,2,0
cam13-xfr-2,00018,0.854,0.216,1.000,0.577,2,0
cam13-xfr-2,00019,0.632,0.490,0.927,0.895,3,0
cam13-xfr-2,00023,0.740,0.286,0.997,0.738,2,0
cam13-xfr-2,00027,0.516,0.000,0.700,0.150,3,0
cam13-xfr-2,00031,0.175,0.163,0.436,0.775,2,0
cam13-xfr-2,00032,0.793,0.174,0.992,0.610,2,0
cam13-xfr-2,00033,0.473,0.249,0.666,0.814,3,0
cam13-xfr-2,00035,0.742,0.187,1.000,0.698,2,0
cam13-xfr-2,00039,0.791,0.000,0.995,0.356,2,0
cam13-xfr-2,00039,0.716,0.656,0.985,1.000,3,0
cam13-xfr-2,00041,0.751,0.246,1.000,0.621,2,0
cam13-xfr-2,00045,0.038,0.584,0.321,0.977,3,0
cam13-xfr-2,00046,0.772,0.159,1.000,0.639,2,0
cam13-xfr-2,00049,0.780,0.185,1.000,0.667,2,0
cam13-xfr-2,00050,0.204,0.020,0.483,0.604,3,0
cam13-xfr-2,00050,0.806,0.003,0.999,0.360,2,0
cam13-xfr-2,00050,0.562,0.641,0.873,0.994,3,0
cam13-xfr-2,00056,0.765,0.161,0.995,0.588,2,0
cam13-xfr-2,00060,0.758,0.110,0.997,0.606,3,0
cam13-xfr-2,00064,0.751,0.205,0.997,0.619,2,0
cam13-xfr-2,00070,0.786,0.000,0.997,0.382,2,0
cam13-xfr-2,00071,0.770,0.007,0.997,0.376,2,0
cam13-xfr-2,00073,0.767,0.165,1.000,0.604,2,0
cam13-xfr-2,00078,0.800,0.159,1.000,0.613,2,0
cam13-xfr-2,00083,0.789,0.000,1.000,0.365,2,0
cam13-xfr-2,00084,0.706,0.000,0.983,0.384,2,0
cam13-xfr-2,00087,0.793,0.167,0.997,0.593,2,0
cam13-xfr-2,00091,0.799,0.194,1.000,0.610,2,0
cam13-xfr-2,00095,0.794,0.000,1.000,0.406,2,0
cam13-xfr-2,00100,0.737,0.183,0.991,0.727,2,0
cam13-xfr-2,00103,0.696,0.001,0.922,0.415,2,0
cam13-xfr-2,00103,0.798,0.189,0.999,0.722,2,0
cam13-xfr-2,00106,0.804,0.001,0.999,0.422,2,0
cam13-xfr-2,00112,0.751,0.191,0.995,0.606,2,0
cam13-xfr-2,00116,0.784,0.191,0.999,0.681,2,0
cam13-xfr-2,00118,0.751,0.005,0.964,0.426,2,0
cam13-xfr-2,00125,0.749,0.134,0.986,0.621,2,0
cam13-xfr-2,00126,0.561,0.786,0.812,0.994,3,0
cam13-xfr-2,00128,0.830,0.187,0.996,0.700,2,0
cam13-xfr-2,00129,0.744,0.183,0.994,0.610,2,0
cam13-xfr-2,00133,0.685,0.194,0.992,0.786,2,0
cam13-xfr-2,00135,0.754,0.000,0.997,0.409,2,0
cam13-xfr-2,00138,0.606,0.540,0.874,0.968,3,0
cam13-xfr-2,00140,0.651,0.167,0.990,0.792,2,0
cam13-xfr-2,00143,0.566,0.000,0.837,0.235,3,0
cam13-xfr-2,00143,0.830,0.194,1.000,0.624,2,0
cam13-xfr-2,00150,0.287,0.240,0.555,0.759,2,0
cam13-xfr-2,00152,0.804,0.000,0.996,0.378,2,0
cam13-xfr-2,00153,0.678,0.213,0.964,0.705,2,0
cam13-xfr-2,00156,0.473,0.001,0.680,0.143,3,0
cam13-xfr-2,00157,0.653,0.200,0.974,0.777,2,0
cam13-xfr-2,00160,0.731,0.178,0.995,0.735,2,0
cam13-xfr-2,00163,0.758,0.163,0.994,0.597,2,0
cam13-xfr-2,00163,0.612,0.000,0.828,0.345,3,0
cam13-xfr-2,00167,0.294,0.251,0.566,0.775,2,0
cam13-xfr-2,00170,0.675,0.183,0.990,0.689,2,0
cam13-xfr-2,00174,0.740,0.003,1.000,0.402,2,0
cam13-xfr-2,00175,0.756,0.007,0.999,0.398,2,0
cam13-xfr-2,00181,0.325,0.000,0.522,0.431,2,0
cam13-xfr-2,00181,0.642,0.200,0.901,0.738,3,0
cam13-xfr-2,00183,0.251,0.003,0.532,0.389,2,0
cam13-xfr-2,00184,0.625,0.000,0.848,0.384,3,0
cam13-xfr-2,00184,0.796,0.150,1.000,0.665,3,0
cam13-xfr-2,00186,0.799,0.000,1.000,0.406,2,0
cam13-xfr-2,00188,0.794,0.209,0.999,0.659,2,0
cam13-xfr-2,00188,0.469,0.003,0.736,0.343,3,0
cam13-xfr-2,00190,0.217,0.000,0.440,0.479,2,0
cam13-xfr-2,00191,0.762,0.163,0.996,0.599,2,0
cam13-xfr-2,00193,0.604,0.170,0.869,0.716,2,0
cam13-xfr-2,00194,0.621,0.178,0.909,0.786,2,0
cam13-xfr-2,00196,0.629,0.200,0.900,0.683,2,0
cam13-xfr-2,00196,0.353,0.000,0.622,0.413,2,0
cam13-xfr-2,00198,0.601,0.198,0.870,0.700,2,0
cam13-xfr-2,00200,0.698,0.222,1.000,0.656,2,0
cam13-xfr-2,00202,0.188,0.000,0.440,0.308,2,0
cam13-xfr-2,00203,0.224,0.001,0.527,0.448,2,0
cam13-xfr-2,00204,0.615,0.176,0.888,0.617,2,0
cam13-xfr-2,00206,0.561,0.001,0.832,0.448,2,0
cam13-xfr-2,00206,0.830,0.132,0.997,0.713,2,0
cam13-xfr-2,00209,0.292,0.001,0.527,0.411,2,0
cam13-xfr-2,00209,0.732,0.161,0.994,0.624,2,0
cam13-xfr-2,00211,0.667,0.213,0.926,0.696,2,0
cam13-xfr-2,00212,0.846,0.527,1.000,0.979,3,0
cam13-xfr-2,00213,0.626,0.209,0.901,0.797,2,0
cam13-xfr-2,00213,0.785,0.000,0.997,0.409,2,0
cam13-xfr-2,00215,0.546,0.213,0.793,0.733,2,0
cam13-xfr-2,00216,0.537,0.000,0.756,0.446,3,0
cam13-xfr-2,00217,0.775,0.231,0.997,0.784,3,0
cam13-xfr-2,00219,0.584,0.181,0.879,0.858,2,0
cam13-xfr-2,00220,0.182,0.001,0.409,0.352,2,0
cam13-xfr-2,00221,0.802,0.159,0.999,0.663,2,0
cam13-xfr-2,00223,0.509,0.174,0.775,0.902,2,0
cam13-xfr-2,00224,0.796,0.220,1.000,0.733,2,0
cam13-xfr-2,00224,0.742,0.000,0.994,0.369,2,0
cam13-xfr-2,00225,0.260,0.172,0.505,0.759,2,0
cam13-xfr-2,00226,0.575,0.174,0.847,0.827,2,0
cam13-xfr-2,00228,0.378,0.185,0.721,0.735,2,0
cam13-xfr-2,00229,0.548,0.001,0.728,0.424,2,0
cam13-xfr-2,00231,0.695,0.000,0.874,0.369,3,0
cam13-xfr-2,00232,0.437,0.233,0.696,0.819,2,0
cam13-xfr-2,00234,0.778,0.036,0.995,0.433,2,0
cam13-xfr-2,00241,0.600,0.174,0.938,0.696,2,0
cam13-xfr-2,00241,0.183,0.000,0.425,0.472,2,0
cam13-xfr-2,00243,0.823,0.213,1.000,0.779,2,0
cam13-xfr-2,00244,0.527,0.000,0.768,0.461,3,0
cam13-xfr-2,00246,0.754,0.213,1.000,0.632,2,0
cam13-xfr-2,00247,0.823,0.000,0.996,0.358,2,0
cam13-xfr-2,00250,0.616,0.200,0.965,0.683,2,0
cam13-xfr-2,00251,0.582,0.174,0.826,0.738,2,0
cam13-xfr-2,00251,0.292,0.000,0.513,0.420,2,0
cam13-xfr-2,00251,0.822,0.198,0.997,0.744,2,0
cam13-xfr-2,00254,0.804,0.148,0.994,0.775,2,0
cam13-xfr-2,00254,0.189,0.000,0.473,0.420,2,0
cam13-xfr-2,00256,0.690,0.516,1.000,0.904,3,0
cam13-xfr-2,00258,0.546,0.003,0.732,0.448,2,0
cam13-xfr-2,00259,0.267,0.187,0.546,0.740,2,0
cam13-xfr-2,00261,0.464,0.174,0.731,0.716,2,0
cam13-xfr-2,00262,0.790,0.738,1.000,1.000,3,0
cam13-xfr-2,00262,0.743,0.196,0.995,0.685,2,0
cam13-xfr-2,00265,0.759,0.009,0.996,0.382,2,0
cam13-xfr-2,00265,0.480,0.176,0.732,0.749,2,0
cam13-xfr-2,00266,0.679,0.185,0.857,0.753,3,0
cam13-xfr-2,00268,0.721,0.159,0.996,0.678,2,0
cam13-xfr-2,00269,0.531,0.205,0.807,0.825,2,0
cam13-xfr-2,00271,0.466,0.012,0.716,0.352,2,0
cam13-xfr-2,00273,0.851,0.200,1.000,0.698,2,0
cam13-xfr-2,00276,0.810,0.205,1.000,0.724,2,0
cam13-xfr-2,00279,0.563,0.172,0.838,0.735,2,0
cam13-xfr-2,00281,0.814,0.200,1.000,0.667,2,0
cam13-xfr-2,00283,0.248,0.000,0.452,0.270,3,0
cam13-xfr-2,00284,0.720,0.220,0.999,0.727,2,0
cam13-xfr-2,00286,0.499,0.163,0.762,0.729,2,0
cam13-xfr-2,00287,0.587,0.148,0.962,0.628,2,0
cam13-xfr-2,00290,0.231,0.000,0.460,0.455,3,0
cam13-xfr-2,00291,0.769,0.187,1.000,0.720,2,0
cam13-xfr-2,00291,0.506,0.154,0.758,0.755,2,0
cam13-xfr-2,00294,0.521,0.126,0.836,0.716,2,0
cam13-xfr-2,00294,0.800,0.170,1.000,0.573,2,0
cam13-xfr-2,00297,0.804,0.200,1.000,0.650,2,0
cam13-xfr-2,00300,0.820,0.200,0.999,0.637,2,0
cam13-xfr-2,00302,0.598,0.145,0.909,0.733,3,0
cam13-xfr-2,00305,0.448,0.145,0.620,0.858,3,0
cam13-xfr-2,00305,0.423,0.343,0.749,0.898,3,0
cam13-xfr-2,00306,0.614,0.189,0.911,0.698,2,0
cam13-xfr-2,00306,0.406,0.207,0.613,0.974,2,0
cam13-xfr-2,00309,0.420,0.325,0.732,0.852,2,0
cam13-xfr-2,00311,0.504,0.005,0.742,0.424,2,0
cam13-xfr-2,00313,0.478,0.211,0.707,0.742,2,0
cam13-xfr-2,00316,0.324,0.209,0.611,0.808,2,0
cam13-xfr-2,00318,0.120,0.525,0.411,0.957,3,0
cam13-xfr-2,00319,0.535,0.003,0.779,0.455,2,0
cam13-xfr-2,00322,0.239,0.000,0.458,0.411,2,0
cam13-xfr-2,00322,0.614,0.167,0.878,0.746,2,0
cam13-xfr-2,00324,0.479,0.202,0.691,0.742,2,0
cam13-xfr-2,00326,0.621,0.161,0.949,0.707,2,0
cam13-xfr-2,00326,0.311,0.218,0.588,0.814,2,0
cam13-xfr-2,00330,0.239,0.330,0.506,0.904,3,0
cam13-xfr-2,00331,0.630,0.262,0.874,0.770,2,0
cam13-xfr-2,00332,0.593,0.001,0.777,0.393,2,0
cam13-xfr-2,00333,0.394,0.209,0.775,0.720,2,0
cam13-xfr-2,00336,0.403,0.156,0.693,0.821,2,0
cam13-xfr-2,00337,0.621,0.194,0.874,0.652,2,0
cam13-xfr-2,00339,0.616,0.187,0.883,0.681,2,0
cam13-xfr-2,00339,0.430,0.218,0.670,0.834,2,0
cam13-xfr-2,00341,0.492,0.000,0.741,0.433,2,0
cam13-xfr-2,00341,0.242,0.277,0.590,0.847,2,0
cam13-xfr-2,00344,0.537,0.165,0.809,0.755,2,0
cam13-xfr-2,00345,0.288,0.718,0.506,0.994,3,0
cam13-xfr-2,00346,0.353,0.238,0.617,0.895,2,0
cam13-xfr-2,00347,0.678,0.499,1.000,1.000,3,0
cam13-xfr-2,00347,0.387,0.231,0.636,0.806,2,0
cam13-xfr-2,00351,0.476,0.000,0.781,0.422,2,0
cam13-xfr-2,00353,0.464,0.227,0.849,0.797,2,0
cam13-xfr-2,00355,0.397,0.003,0.626,0.472,2,0
cam13-xfr-2,00356,0.400,0.696,0.667,0.985,3,0
cam13-xfr-2,00356,0.593,0.119,0.837,0.705,2,0
cam13-xfr-2,00359,0.468,0.235,0.762,0.865,2,0
cam13-xfr-2,00360,0.453,0.233,0.707,0.865,2,0
cam13-xfr-2,00361,0.231,0.547,0.529,1.000,3,0
cam13-xfr-2,00365,0.348,0.246,0.626,0.827,2,0
cam13-xfr-2,00369,0.368,0.187,0.616,0.740,2,0
cam13-xfr-2,00370,0.548,0.000,0.790,0.424,2,0
cam13-xfr-2,00372,0.742,0.347,1.000,0.777,3,0
cam13-xfr-2,00373,0.193,0.000,0.448,0.474,2,0
cam13-xfr-2,00374,0.468,0.165,0.827,0.777,2,0
cam13-xfr-2,00378,0.431,0.000,0.610,0.499,2,0
cam13-xfr-2,00379,0.578,0.189,0.810,0.676,2,0
cam13-xfr-2,00380,0.374,0.235,0.606,0.757,2,0
cam13-xfr-2,00382,0.765,0.428,1.000,0.852,3,0
cam13-xfr-2,00386,0.548,0.000,0.773,0.420,2,0
cam13-xfr-2,00388,0.543,0.172,0.780,0.740,2,0
cam13-xfr-2,00389,0.418,0.001,0.633,0.404,2,0
cam13-xfr-2,00391,0.458,0.205,0.842,0.713,2,0
cam13-xfr-2,00392,0.622,0.181,0.896,0.641,2,0
cam13-xfr-2,00395,0.546,0.001,0.791,0.347,2,0
cam13-xfr-2,00395,0.590,0.516,0.999,0.990,3,0
cam13-xfr-2,00397,0.594,0.174,0.817,0.632,2,0
cam13-xfr-2,00399,0.463,0.187,0.710,0.735,2,0
cam13-xfr-2,00402,0.664,0.165,0.947,0.691,2,0
cam13-xfr-2,00404,0.431,0.170,0.784,0.700,2,0
cam13-xfr-2,00406,0.489,0.235,0.757,0.705,2,0
cam13-xfr-2,00407,0.441,0.000,0.656,0.437,2,0
cam13-xfr-2,00409,0.320,0.172,0.619,0.801,2,0
cam13-xfr-2,00410,0.638,0.159,0.891,0.639,2,0
cam13-xfr-2,00411,0.509,0.238,0.838,0.797,2,0
cam13-xfr-2,00412,0.604,0.000,0.805,0.439,2,0
cam13-xfr-2,00413,0.103,0.481,0.437,0.966,3,0
cam13-xfr-2,00415,0.000,0.211,0.179,0.770,3,0
cam13-xfr-2,00417,0.468,0.150,0.684,0.709,2,0
cam13-xfr-2,00418,0.658,0.178,0.960,0.700,2,0
cam13-xfr-2,00420,0.621,0.174,0.880,0.727,2,0
cam13-xfr-2,00689,0.695,0.159,0.930,0.610,2,0
cam13-xfr-2,00691,0.815,0.191,0.989,0.641,2,0
cam13-xfr-2,00692,0.602,0.003,0.842,0.446,2,0
cam13-xfr-2,00693,0.814,0.154,0.997,0.582,2,0
cam13-xfr-2,00695,0.741,0.152,0.992,0.604,2,0
cam13-xfr-2,00696,0.464,0.154,0.719,0.749,2,0
cam13-xfr-2,00696,0.688,0.163,0.933,0.604,2,0
cam13-xfr-2,00699,0.693,0.000,0.863,0.474,2,0
cam13-xfr-2,00699,0.448,0.172,0.719,0.751,2,0
cam13-xfr-2,00700,0.382,0.172,0.683,0.735,2,0
cam13-xfr-2,00702,0.637,0.572,0.910,0.974,3,0
cam13-xfr-2,00704,0.580,0.662,0.897,0.989,3,0
cam13-xfr-2,00704,0.624,0.187,0.939,0.654,2,0
cam13-xfr-2,00706,0.853,0.148,1.000,0.766,2,0
cam13-xfr-2,00707,0.160,0.540,0.445,0.987,3,0
cam13-xfr-2,00707,0.501,0.159,0.736,0.709,2,0
cam13-xfr-2,00710,0.688,0.000,0.943,0.391,2,0
cam13-xfr-2,00712,0.607,0.003,0.833,0.439,2,0
cam13-xfr-2,00715,0.696,0.170,0.997,0.663,2,0
cam13-xfr-2,00719,0.649,0.148,0.936,0.637,2,0
cam13-xfr-2,00722,0.447,0.386,0.691,0.882,3,0
cam13-xfr-2,00724,0.700,0.000,0.875,0.374,2,0
cam13-xfr-2,00724,0.835,0.137,1.000,0.691,2,0
cam13-xfr-2,00726,0.632,0.000,0.867,0.431,2,0
cam13-xfr-2,00726,0.276,0.158,0.498,0.807,3,0
cam13-xfr-2,00726,0.832,0.128,1.000,0.718,2,0
cam13-xfr-2,00728,0.583,0.163,0.846,0.744,2,0
cam13-xfr-2,00729,0.833,0.209,1.000,0.628,2,0
cam13-xfr-2,00731,0.647,0.216,0.937,0.718,2,0
cam13-xfr-2,00734,0.717,0.005,0.920,0.411,2,0
cam13-xfr-2,00735,0.748,0.137,1.000,0.573,2,0
cam13-xfr-2,00737,0.763,0.000,1.000,0.406,2,0
cam13-xfr-2,00739,0.738,0.229,0.994,0.827,2,0
cam13-xfr-2,00741,0.633,0.141,0.872,0.707,2,0
cam13-xfr-2,00741,0.827,0.200,0.999,0.665,2,0
cam13-xfr-2,00749,0.744,0.198,1.000,0.634,2,0
cam13-xfr-2,00750,0.768,0.198,0.999,0.733,2,0
cam13-xfr-2,00752,0.427,0.500,0.700,1.000,3,0
cam13-xfr-2,00753,0.828,0.194,1.000,0.606,2,0
cam13-xfr-2,00753,0.596,0.572,0.928,0.983,3,0
cam13-xfr-2,00754,0.555,0.139,0.822,0.735,2,0
cam13-xfr-2,00756,0.531,0.121,0.851,0.702,2,0
cam13-xfr-2,00757,0.159,0.198,0.453,0.751,2,0
cam13-xfr-2,00761,0.695,0.000,0.917,0.384,2,0
cam13-xfr-2,00762,0.166,0.185,0.477,0.814,2,0
cam13-xfr-2,00762,0.732,0.191,0.999,0.626,2,0
cam13-xfr-2,00764,0.830,0.176,1.000,0.606,2,0
cam13-xfr-2,00766,0.711,0.213,0.959,0.676,2,0
cam13-xfr-2,00767,0.753,0.001,1.000,0.275,3,0
cam13-xfr-2,00769,0.469,0.239,0.728,0.827,3,0
cam13-xfr-2,00772,0.742,0.165,1.000,0.582,2,0
cam13-xfr-2,00776,0.827,0.253,1.000,0.670,2,0
cam13-xfr-2,00778,0.769,0.165,1.000,0.591,2,0
cam13-xfr-2,00780,0.732,0.000,0.965,0.382,2,0
cam13-xfr-2,00783,0.716,0.216,1.000,0.593,2,0
cam13-xfr-2,00785,0.747,0.167,0.997,0.599,2,0
cam13-xfr-2,00787,0.791,0.000,0.997,0.367,2,0
cam13-xfr-2,00791,0.772,0.187,1.000,0.632,2,0
cam13-xfr-2,00794,0.721,0.242,1.000,0.681,2,0
cam13-xfr-2,00798,0.812,0.000,1.000,0.376,3,0
cam13-xfr-2,00800,0.513,0.228,0.763,0.853,3,0
cam13-xfr-2,00800,0.520,0.408,0.747,0.853,3,0
cam13-xfr-2,00803,0.725,0.167,0.999,0.595,2,0
cam13-xfr-2,00806,0.767,0.189,1.000,0.659,2,0
cam13-xfr-2,00807,0.376,0.594,0.670,0.998,3,0
cam13-xfr-2,00810,0.420,0.557,0.770,0.978,3,0
cam13-xfr-2,00813,0.795,0.005,0.980,0.295,2,0
cam13-xfr-2,00819,0.514,0.439,0.814,0.963,3,0
cam13-xfr-2,00002,0.778,0.003,1.000,0.382,2,0
cam13-xfr-2,00002,0.693,0.672,0.941,0.992,3,0
cam13-xfr-2,00002,0.510,0.685,0.728,1.000,3,0
cam13-p2p-2,00005,0.533,0.472,0.902,1.000,3,0
cam13-p2p-2,00007,0.795,0.382,0.998,0.678,1,0
cam13-p2p-2,00007,0.543,0.453,0.862,0.810,1,0
cam13-p2p-2,00009,0.783,0.433,0.997,0.764,1,0
cam13-p2p-2,00009,0.823,0.663,1.000,0.941,1,0
cam13-p2p-2,00015,0.337,0.746,0.594,0.998,1,0
cam13-p2p-2,00015,0.469,0.433,0.746,0.921,1,0
cam13-p2p-2,00019,0.489,0.380,0.749,0.916,1,0
cam13-p2p-2,00020,0.770,0.486,0.999,0.969,1,0
cam13-p2p-2,00022,0.520,0.384,0.831,0.782,1,0
cam13-p2p-2,00022,0.765,0.351,0.995,0.742,1,0
cam13-p2p-2,00024,0.545,0.408,0.794,0.810,1,0
cam13-p2p-2,00024,0.603,0.740,0.812,0.992,1,0
cam13-p2p-2,00030,0.514,0.387,0.836,0.819,1,0
cam13-p2p-2,00030,0.639,0.702,0.970,0.996,1,0
cam13-p2p-2,00033,0.472,0.426,0.716,0.989,1,0
cam13-p2p-2,00036,0.223,0.298,0.477,0.855,2,0
cam13-p2p-2,00037,0.534,0.433,0.791,0.890,1,0
cam13-p2p-2,00041,0.247,0.320,0.454,0.950,2,0
cam13-p2p-2,00041,0.512,0.402,0.806,0.961,1,0
cam13-p2p-2,00047,0.214,0.228,0.521,0.821,2,0
cam13-p2p-2,00051,0.536,0.415,0.784,0.848,1,0
cam13-p2p-2,00051,0.468,0.729,0.714,0.989,1,0
cam13-p2p-2,00053,0.520,0.420,0.811,0.947,1,0
cam13-p2p-2,00058,0.514,0.451,0.776,0.949,1,0
cam13-p2p-2,00064,0.543,0.433,0.859,0.996,1,0
cam13-p2p-2,00071,0.523,0.448,0.784,0.917,1,0
cam13-p2p-2,00075,0.537,0.371,0.899,0.832,1,0
cam13-p2p-2,00075,0.826,0.340,0.995,0.685,1,0
cam13-p2p-2,00075,0.837,0.417,1.000,0.726,1,0
cam13-p2p-2,00075,0.554,0.375,0.909,0.755,1,0
cam13-p2p-2,00079,0.797,0.345,0.997,0.718,1,0
cam13-p2p-2,00079,0.771,0.596,0.990,0.906,1,0
cam13-p2p-2,00088,0.799,0.387,1.000,0.693,1,0
cam13-p2p-2,00088,0.541,0.373,0.884,0.828,1,0
cam13-p2p-2,00091,0.822,0.369,1.000,0.649,1,0
cam13-p2p-2,00091,0.533,0.411,0.891,0.790,1,0
cam13-p2p-2,00093,0.821,0.440,0.995,0.676,1,0
cam13-p2p-2,00093,0.576,0.461,0.913,0.859,1,0
cam13-p2p-2,00095,0.827,0.389,0.998,0.682,1,0
cam13-p2p-2,00095,0.573,0.470,0.907,0.863,1,0
cam13-p2p-2,00097,0.825,0.386,1.000,0.638,1,0
cam13-p2p-2,00097,0.570,0.430,0.884,0.837,1,0
cam13-p2p-2,00100,0.477,0.420,0.796,0.998,1,0
cam13-p2p-2,00105,0.756,0.468,0.996,0.934,1,0
cam13-p2p-2,00105,0.357,0.499,0.722,0.996,1,0
cam13-p2p-2,00115,0.507,0.472,0.803,0.983,1,0
cam13-p2p-2,00135,0.702,0.468,0.997,0.788,1,0
cam13-p2p-2,00135,0.467,0.459,0.810,0.863,1,0
cam13-p2p-2,00146,0.509,0.490,0.867,0.848,1,0
cam13-p2p-2,00146,0.785,0.409,0.997,0.707,1,0
cam13-p2p-2,00147,0.513,0.517,0.831,0.866,1,0
cam13-p2p-2,00147,0.775,0.439,0.995,0.716,1,0
cam13-p2p-2,00151,0.791,0.651,1.000,0.992,1,0
cam13-p2p-2,00151,0.785,0.428,0.997,0.747,1,0
cam13-p2p-2,00152,0.632,0.707,0.894,0.996,1,0
cam13-p2p-2,00152,0.460,0.643,0.725,0.998,1,0
cam13-p2p-2,00157,0.484,0.554,0.779,0.961,1,0
cam13-p2p-2,00159,0.779,0.389,1.000,0.760,1,0
cam13-p2p-2,00166,0.494,0.448,0.827,0.835,1,0
cam13-p2p-2,00166,0.751,0.413,0.999,0.740,1,0
cam13-p2p-2,00178,0.189,0.391,0.410,0.992,2,0
cam13-p2p-2,00179,0.477,0.497,0.750,0.965,1,0
cam13-p2p-2,00182,0.687,0.592,0.973,0.938,1,0
cam13-p2p-2,00182,0.761,0.422,1.000,0.680,1,0
cam13-p2p-2,00199,0.495,0.446,0.854,0.821,1,0
cam13-p2p-2,00199,0.793,0.411,0.997,0.737,1,0
cam13-p2p-2,00201,0.753,0.384,0.996,0.810,1,0
cam13-p2p-2,00201,0.496,0.561,0.830,0.919,1,0
cam13-p2p-2,00203,0.756,0.426,0.998,0.802,1,0
cam13-p2p-2,00203,0.765,0.665,1.000,0.987,1,0
cam13-p2p-2,00206,0.761,0.393,1.000,0.687,1,0
cam13-p2p-2,00210,0.769,0.377,0.995,0.698,1,0
cam13-p2p-2,00210,0.770,0.576,0.998,0.994,1,0
cam13-p2p-2,00217,0.768,0.386,0.994,0.715,1,0
cam13-p2p-2,00227,0.297,0.716,0.633,0.996,1,0
cam13-p2p-2,00227,0.481,0.451,0.739,0.870,1,0
cam13-p2p-2,00237,0.764,0.406,1.000,0.768,1,0
cam13-p2p-2,00237,0.777,0.605,1.000,0.965,1,0
cam13-p2p-2,00239,0.473,0.360,0.770,0.821,1,0
cam13-p2p-2,00257,0.774,0.384,1.000,0.696,1,0
cam13-p2p-2,00257,0.478,0.473,0.852,0.795,1,0
cam13-p2p-2,00260,0.760,0.373,0.994,0.768,1,0
cam13-p2p-2,00260,0.779,0.618,1.000,0.992,1,0
cam13-p2p-2,00266,0.810,0.607,0.996,0.890,1,0
cam13-p2p-2,00266,0.767,0.387,0.999,0.704,1,0
cam13-p2p-2,00278,0.778,0.400,0.996,0.652,3,0
cam13-p2p-2,00278,0.435,0.601,0.752,0.888,3,0
cam13-p2p-2,00279,0.749,0.377,0.993,0.629,3,0
cam13-p2p-2,00279,0.426,0.517,0.716,0.903,3,0
cam13-p2p-2,00283,0.403,0.532,0.730,0.998,3,0
cam13-p2p-2,00288,0.381,0.579,0.669,0.987,3,0
cam13-p2p-2,00289,0.757,0.377,0.993,0.707,1,0
cam13-p2p-2,00289,0.754,0.594,0.998,0.989,1,0
cam13-p2p-2,00294,0.428,0.572,0.730,0.921,1,0
cam13-p2p-2,00294,0.626,0.691,0.870,0.996,1,0
cam13-p2p-2,00299,0.479,0.468,0.833,0.892,1,0
cam13-p2p-2,00299,0.747,0.378,0.994,0.662,1,0
cam13-p2p-2,00308,0.453,0.499,0.722,0.985,1,0
cam13-p2p-2,00315,0.461,0.472,0.802,0.808,1,0
cam13-p2p-2,00315,0.726,0.400,0.979,0.707,1,0
cam13-p2p-2,00331,0.756,0.479,0.987,0.841,1,0
cam13-p2p-2,00334,0.737,0.377,0.995,0.667,1,0
cam13-p2p-2,00334,0.465,0.479,0.837,0.863,1,0
cam13-p2p-2,00337,0.698,0.373,0.990,0.720,1,0
cam13-p2p-2,00337,0.473,0.468,0.798,0.881,1,0
cam13-p2p-2,00343,0.729,0.439,0.995,0.980,1,0
cam13-p2p-2,00357,0.798,0.188,0.993,0.663,2,0
cam13-p2p-2,00360,0.756,0.437,0.996,0.786,1,0
cam13-p2p-2,00360,0.673,0.636,0.957,0.994,1,0
cam13-p2p-2,00363,0.755,0.430,0.991,0.987,1,0
cam13-p2p-2,00371,0.459,0.521,0.865,0.874,1,0
cam13-p2p-2,00371,0.764,0.380,0.993,0.737,1,0
cam13-p2p-2,00377,0.738,0.362,0.996,0.722,1,0
cam13-p2p-2,00377,0.489,0.534,0.858,0.874,1,0
cam13-p2p-2,00385,0.466,0.588,0.764,0.996,1,0
cam13-p2p-2,00393,0.457,0.495,0.803,0.905,1,0
cam13-p2p-2,00393,0.702,0.393,0.963,0.733,1,0
cam13-p2p-2,00402,0.447,0.475,0.852,0.844,1,0
cam13-p2p-2,00402,0.752,0.366,0.995,0.722,1,0
cam13-p2p-2,00411,0.416,0.455,0.713,0.925,1,0
cam13-p2p-2,00411,0.555,0.696,0.813,0.996,1,0
cam13-p2p-2,00413,0.740,0.451,0.997,0.934,1,0
cam13-p2p-2,00422,0.422,0.490,0.742,0.914,1,0
cam13-p2p-2,00431,0.089,0.713,0.324,0.998,3,0
cam13-p2p-2,00431,0.367,0.499,0.600,0.991,3,0
cam13-p2p-2,00431,0.718,0.093,0.946,0.576,3,0
cam13-p2p-2,00435,0.002,0.174,0.178,0.621,3,0
cam13-p2p-2,00438,0.724,0.203,0.999,0.614,2,0
cam13-p2p-2,00439,0.457,0.462,0.722,0.916,1,0
cam13-p2p-2,00439,0.580,0.720,0.822,0.994,1,0
cam13-p2p-2,00441,0.520,0.552,0.871,0.934,1,0
cam13-p2p-2,00441,0.768,0.417,0.997,0.729,1,0
cam13-p2p-2,00448,0.771,0.324,0.998,0.629,3,0
cam13-p2p-2,00452,0.390,0.618,0.689,0.987,3,0
cam13-p2p-2,00455,0.331,0.387,0.631,0.923,3,0
cam13-p2p-2,00460,0.316,0.397,0.611,0.905,3,0
cam13-p2p-2,00460,0.743,0.334,0.997,0.640,3,0
cam13-p2p-2,00465,0.770,0.351,0.998,0.680,3,0
cam13-p2p-2,00465,0.329,0.404,0.625,0.923,3,0
cam13-p2p-2,00474,0.430,0.197,0.715,0.705,3,0
cam13-p2p-2,00474,0.761,0.316,0.996,0.618,3,0
cam13-p2p-2,00483,0.432,0.367,0.685,0.853,3,0
cam13-p2p-2,00500,0.755,0.316,0.999,0.643,3,0
cam13-p2p-2,00500,0.408,0.349,0.677,0.773,3,0
cam13-p2p-2,00503,0.066,0.643,0.355,0.991,3,0
cam13-p2p-2,00505,0.038,0.638,0.361,0.996,3,0
cam13-p2p-2,00505,0.549,0.599,0.863,0.981,3,0
cam13-p2p-2,00508,0.514,0.267,0.866,0.735,3,0
cam13-p2p-2,00511,0.509,0.324,0.781,0.738,3,0
cam13-p2p-2,00511,0.720,0.007,0.993,0.243,3,0
cam13-p2p-2,00517,0.555,0.318,0.916,0.709,3,0
cam13-p2p-2,00517,0.246,0.395,0.485,0.800,3,0
cam13-p2p-2,00520,0.274,0.314,0.547,0.775,3,0
cam13-p2p-2,00524,0.428,0.296,0.695,0.737,1,0
cam13-p2p-2,00524,0.589,0.327,0.835,0.727,1,0
cam13-p2p-2,00531,0.240,0.583,0.526,0.972,3,0
cam13-p2p-2,00531,0.585,0.289,0.862,0.722,3,0
cam13-p2p-2,00531,0.371,0.011,0.616,0.300,3,0
cam13-p2p-2,00546,0.330,0.433,0.551,0.888,3,0
cam13-p2p-2,00548,0.828,0.285,0.996,0.631,3,0
cam13-p2p-2,00548,0.583,0.393,0.867,0.735,3,0
cam13-p2p-2,00548,0.762,0.296,0.936,0.702,3,0
cam13-p2p-2,00557,0.761,0.005,0.999,0.355,3,0
cam13-p2p-2,00560,0.769,0.004,0.995,0.424,2,0
cam13-p2p-2,00565,0.321,0.437,0.534,0.790,3,0
cam13-p2p-2,00565,0.592,0.378,0.848,0.724,3,0
cam13-p2p-2,00565,0.340,0.002,0.558,0.247,3,0
cam13-p2p-2,00565,0.796,0.281,0.994,0.632,3,0
cam13-p2p-2,00569,0.588,0.256,0.836,0.738,3,0
cam13-p2p-2,00573,0.559,0.311,0.873,0.696,3,0
cam13-p2p-2,00573,0.331,0.387,0.526,0.786,3,0
cam13-p2p-2,00579,0.589,0.243,0.916,0.735,3,0
cam13-p2p-2,00589,0.634,0.371,0.978,0.790,3,0
cam13-p2p-2,00589,0.251,0.391,0.524,0.830,3,0
cam13-p2p-2,00592,0.588,0.393,0.959,0.755,3,0
cam13-p2p-2,00592,0.322,0.451,0.613,0.833,3,0
cam13-p2p-2,00604,0.566,0.314,0.985,0.709,3,0
cam13-p2p-2,00629,0.585,0.232,0.888,0.744,3,0
cam13-p2p-2,00629,0.314,0.389,0.565,0.769,3,0
cam13-p2p-2,00631,0.012,0.620,0.336,0.996,3,0
cam13-p2p-2,00633,0.000,0.603,0.296,0.947,3,0
cam13-p2p-2,00650,0.712,0.002,0.977,0.208,3,0
cam13-p2p-2,00650,0.573,0.291,0.860,0.711,3,0
cam13-p2p-2,00653,0.593,0.287,0.951,0.658,3,0
cam13-p2p-2,00804,0.373,0.391,0.650,0.749,1,0
cam13-p2p-2,00806,0.346,0.417,0.574,0.731,1,0
cam13-p2p-2,00806,0.125,0.428,0.373,0.751,1,0
cam13-p2p-2,00807,0.809,0.344,0.993,0.665,1,0
cam13-p2p-2,00807,0.597,0.419,0.897,0.755,1,0
cam13-p2p-2,00810,0.575,0.358,0.827,0.737,1,0
cam13-p2p-2,00812,0.111,0.444,0.381,0.758,1,0
cam13-p2p-2,00812,0.332,0.408,0.584,0.753,1,0
cam13-p2p-2,00816,0.379,0.311,0.657,0.766,1,0
cam13-p2p-2,00816,0.584,0.377,0.829,0.738,1,0
cam13-p2p-2,00818,0.822,0.377,1.000,0.654,1,0
cam13-p2p-2,00818,0.596,0.409,0.900,0.718,1,0
cam13-p2p-2,00819,0.111,0.336,0.383,0.735,1,0
cam13-p2p-2,00819,0.342,0.375,0.596,0.749,1,0
cam13-p2p-2,00823,0.375,0.369,0.603,0.802,1,0
cam13-p2p-2,00823,0.564,0.356,0.829,0.784,1,0
cam13-p2p-2,00825,0.117,0.420,0.385,0.737,1,0
cam13-p2p-2,00825,0.334,0.398,0.586,0.744,1,0
cam9-xfr-2,00004,0.558,0.000,0.746,0.554,2,0
cam9-xfr-2,00006,0.499,0.002,0.689,0.559,2,0
cam9-xfr-2,00008,0.495,0.002,0.679,0.572,2,0
cam9-xfr-2,00026,0.633,0.307,0.798,0.912,2,0
cam9-xfr-2,00027,0.432,0.307,0.629,0.897,2,0
cam9-xfr-2,00031,0.510,0.366,0.743,0.925,2,0
cam9-xfr-2,00033,0.479,0.357,0.759,0.897,2,0
cam9-xfr-2,00033,0.491,0.002,0.690,0.565,2,0
cam9-xfr-2,00037,0.496,0.000,0.677,0.559,2,0
cam9-xfr-2,00041,0.386,0.307,0.626,0.962,2,0
cam9-xfr-2,00041,0.528,0.309,0.742,0.925,2,0
cam9-xfr-2,00043,0.360,0.002,0.553,0.574,2,0
cam9-xfr-2,00045,0.392,0.333,0.677,0.894,2,0
cam9-xfr-2,00047,0.370,0.324,0.600,0.879,2,0
cam9-xfr-2,00048,0.441,0.329,0.643,0.861,2,0
cam9-xfr-2,00049,0.394,0.416,0.672,0.853,2,0
cam9-xfr-2,00051,0.379,0.002,0.614,0.535,2,0
cam9-xfr-2,00055,0.288,0.353,0.526,0.925,2,0
cam9-xfr-2,00055,0.510,0.311,0.755,0.883,2,0
cam9-xfr-2,00058,0.307,0.324,0.561,0.826,2,0
cam9-xfr-2,00059,0.364,0.002,0.575,0.559,2,0
cam9-xfr-2,00062,0.407,0.000,0.616,0.524,2,0
cam9-xfr-2,00065,0.411,0.355,0.624,0.894,2,0
cam9-xfr-2,00067,0.307,0.346,0.590,0.925,2,0
cam9-xfr-2,00069,0.263,0.002,0.466,0.592,2,0
cam9-xfr-2,00071,0.263,0.344,0.543,0.848,2,0
cam9-xfr-2,00074,0.415,0.002,0.619,0.592,2,0
cam9-xfr-2,00077,0.409,0.293,0.637,0.859,2,0
cam9-xfr-2,00080,0.272,0.313,0.485,0.857,2,0
cam9-xfr-2,00083,0.220,0.335,0.486,0.866,2,0
cam9-xfr-2,00087,0.130,0.335,0.359,0.892,2,0
cam9-xfr-2,00087,0.349,0.340,0.581,0.914,2,0
cam9-xfr-2,00090,0.320,0.000,0.550,0.522,2,0
cam9-xfr-2,00095,0.404,0.000,0.616,0.565,2,0
cam9-xfr-2,00095,0.235,0.337,0.479,0.840,2,0
cam9-xfr-2,00098,0.388,0.311,0.607,0.829,2,0
cam9-xfr-2,00101,0.418,0.318,0.610,0.809,2,0
cam9-xfr-2,00103,0.239,0.333,0.460,0.866,2,0
cam9-xfr-2,00107,0.367,0.311,0.590,0.800,2,0
cam9-xfr-2,00110,0.510,0.287,0.714,0.886,2,0
cam9-xfr-2,00110,0.328,0.000,0.536,0.528,2,0
cam9-xfr-2,00113,0.478,0.318,0.686,0.831,2,0
cam9-xfr-2,00114,0.388,0.309,0.669,0.892,2,0
cam9-xfr-2,00115,0.511,0.002,0.719,0.543,2,0
cam9-xfr-2,00116,0.346,0.302,0.565,0.877,2,0
cam9-xfr-2,00119,0.521,0.004,0.733,0.603,2,0
cam9-xfr-2,00122,0.460,0.296,0.728,0.888,2,0
cam9-xfr-2,00122,0.428,0.004,0.660,0.502,2,0
cam9-xfr-2,00124,0.539,0.272,0.837,0.809,2,0
cam9-xfr-2,00128,0.447,0.267,0.658,0.813,2,0
cam9-xfr-2,00132,0.617,0.293,0.865,0.868,2,0
cam9-xfr-2,00134,0.412,0.313,0.644,0.861,2,0
cam9-xfr-2,00134,0.422,0.000,0.651,0.530,2,0
cam9-xfr-2,00143,0.422,0.000,0.654,0.585,2,0
cam9-xfr-2,00145,0.552,0.006,0.802,0.581,2,0
cam9-xfr-2,00148,0.605,0.322,0.813,0.866,2,0
cam9-xfr-2,00159,0.621,0.000,0.875,0.440,2,0
cam9-xfr-2,00169,0.533,0.011,0.774,0.543,2,0
cam9-xfr-2,00172,0.629,0.298,0.841,0.807,2,0
cam9-xfr-2,00172,0.479,0.307,0.677,0.824,2,0
cam9-xfr-2,00177,0.492,0.291,0.706,0.846,2,0
cam9-xfr-2,00179,0.537,0.366,0.813,0.864,2,0
cam9-xfr-2,00181,0.495,0.000,0.707,0.563,2,0
cam9-xfr-2,00182,0.527,0.390,0.812,0.879,2,0
cam9-xfr-2,00185,0.529,0.000,0.782,0.530,2,0
cam9-xfr-2,00186,0.565,0.291,0.796,0.767,2,0
cam9-xfr-2,00189,0.452,0.307,0.680,0.855,2,0
cam9-xfr-2,00192,0.592,0.278,0.787,0.767,2,0
cam9-xfr-2,00196,0.397,0.318,0.672,0.835,2,0
cam9-xfr-2,00199,0.381,0.331,0.594,0.785,2,0
cam9-xfr-2,00204,0.348,0.311,0.581,0.872,2,0
cam9-xfr-2,00206,0.397,0.318,0.623,0.855,2,0
cam9-xfr-2,00207,0.476,0.002,0.687,0.581,2,0
cam9-xfr-2,00208,0.346,0.000,0.554,0.539,2,0
cam9-xfr-2,00212,0.518,0.293,0.716,0.820,2,0
cam9-xfr-2,00212,0.365,0.313,0.554,0.872,2,0
cam9-xfr-2,00217,0.420,0.307,0.665,0.848,2,0
cam9-xfr-2,00221,0.270,0.324,0.513,0.820,2,0
cam9-xfr-2,00222,0.418,0.304,0.587,0.886,2,0
cam9-xfr-2,00224,0.236,0.030,0.471,0.570,2,0
cam9-xfr-2,00227,0.371,0.000,0.592,0.579,2,0
cam9-xfr-2,00228,0.309,0.331,0.554,0.818,2,0
cam9-xfr-2,00231,0.299,0.329,0.495,0.831,2,0
cam9-xfr-2,00234,0.424,0.322,0.626,0.780,2,0
cam9-xfr-2,00239,0.270,0.337,0.470,0.857,2,0
cam9-xfr-2,00241,0.415,0.296,0.628,0.833,2,0
cam9-xfr-2,00245,0.247,0.331,0.445,0.919,2,0
cam9-xfr-2,00248,0.074,0.024,0.355,0.583,2,0
cam9-xfr-2,00249,0.161,0.000,0.418,0.561,2,0
cam9-xfr-2,00251,0.204,0.320,0.455,0.778,2,0
cam9-xfr-2,00252,0.069,0.015,0.384,0.574,2,0
cam9-xfr-2,00255,0.220,0.348,0.460,0.892,2,0
cam9-xfr-2,00257,0.163,0.035,0.449,0.570,2,0
cam9-xfr-2,00259,0.070,0.386,0.346,0.901,2,0
cam9-xfr-2,00261,0.137,0.451,0.427,0.789,2,0
cam9-xfr-2,00265,0.241,0.375,0.466,0.894,2,0
cam9-xfr-2,00268,0.405,0.291,0.585,0.826,2,0
cam9-xfr-2,00271,0.209,0.320,0.423,0.815,2,0
cam9-xfr-2,00281,0.152,0.000,0.406,0.581,2,0
cam9-xfr-2,00284,0.304,0.291,0.491,0.813,2,0
cam9-xfr-2,00285,0.486,0.293,0.674,0.818,2,0
cam9-xfr-2,00290,0.341,0.326,0.582,0.835,2,0
cam9-xfr-2,00292,0.455,0.269,0.689,0.844,2,0
cam9-xfr-2,00294,0.269,0.002,0.496,0.539,2,0
cam9-xfr-2,00299,0.328,0.013,0.526,0.636,2,0
cam9-xfr-2,00300,0.475,0.250,0.692,0.802,2,0
cam9-xfr-2,00301,0.301,0.307,0.494,0.835,2,0
cam9-xfr-2,00307,0.564,0.258,0.782,0.857,2,0
cam9-xfr-2,00308,0.386,0.280,0.596,0.818,2,0
cam9-xfr-2,00315,0.457,0.285,0.651,0.883,2,0
cam9-xfr-2,00316,0.614,0.269,0.880,0.837,2,0
cam9-xfr-2,00320,0.413,0.239,0.642,0.866,2,0
cam9-xfr-2,00321,0.614,0.272,0.797,0.783,2,0
cam9-xfr-2,00338,0.484,0.243,0.743,0.835,2,0
cam9-xfr-2,00343,0.502,0.243,0.742,0.883,2,0
cam9-xfr-2,00345,0.568,0.280,0.845,0.873,2,0
cam9-xfr-2,00350,0.613,0.285,0.808,0.840,2,0
cam9-xfr-2,00351,0.490,0.234,0.709,0.859,2,0
cam9-xfr-2,00357,0.529,0.293,0.829,0.881,2,0
cam9-xfr-2,00359,0.486,0.269,0.716,0.903,2,0
cam9-xfr-2,00363,0.564,0.217,0.779,0.883,2,0
cam9-xfr-2,00369,0.505,0.287,0.759,0.879,2,0
cam9-xfr-2,00372,0.580,0.254,0.855,0.815,2,0
cam9-xfr-2,00374,0.441,0.291,0.642,0.905,2,0
cam9-xfr-2,00375,0.529,0.059,0.770,0.548,2,0
cam9-xfr-2,00376,0.538,0.335,0.774,0.908,2,0
cam9-xfr-2,00376,0.474,0.000,0.677,0.486,2,0
cam9-xfr-2,00379,0.600,0.272,0.822,0.864,2,0
cam9-xfr-2,00381,0.431,0.333,0.660,0.943,2,0
cam9-xfr-2,00382,0.474,0.002,0.681,0.480,2,0
cam9-xfr-2,00386,0.552,0.272,0.846,0.855,2,0
cam9-xfr-2,00387,0.348,0.357,0.555,0.864,2,0
cam9-xfr-2,00390,0.396,0.004,0.597,0.572,2,0
cam9-xfr-2,00392,0.458,0.359,0.700,0.868,2,0
cam9-xfr-2,00393,0.334,0.348,0.555,0.936,2,0
cam9-xfr-2,00397,0.478,0.092,0.714,0.579,2,0
cam9-xfr-2,00399,0.407,0.313,0.680,0.912,2,0
cam9-xfr-2,00402,0.404,0.320,0.654,0.910,2,0
cam9-xfr-2,00403,0.485,0.035,0.709,0.568,2,0
cam9-xfr-2,00406,0.268,0.335,0.474,0.951,2,0
cam9-xfr-2,00407,0.453,0.335,0.685,0.936,2,0
cam9-xfr-2,00408,0.417,0.072,0.624,0.557,2,0
cam9-xfr-2,00411,0.256,0.429,0.486,0.976,2,0
cam9-xfr-2,00412,0.457,0.278,0.648,0.875,2,0
cam9-xfr-2,00415,0.306,0.019,0.520,0.596,2,0
cam9-xfr-2,00418,0.427,0.333,0.644,0.960,2,0
cam9-xfr-2,00419,0.309,0.315,0.631,0.960,2,0
cam9-xfr-2,00421,0.410,0.072,0.616,0.596,2,0
cam9-xfr-2,00424,0.216,0.333,0.458,0.848,2,0
cam9-xfr-2,00425,0.392,0.357,0.663,0.995,2,0
cam9-xfr-2,00427,0.253,0.083,0.495,0.533,2,0
cam9-xfr-2,00428,0.289,0.366,0.590,0.965,2,0
cam9-xfr-2,00431,0.302,0.318,0.540,0.901,2,0
cam9-xfr-2,00435,0.278,0.085,0.480,0.627,2,0
cam9-xfr-2,00436,0.082,0.397,0.384,0.868,2,0
cam9-xfr-2,00441,0.211,0.355,0.452,0.947,2,0
cam9-xfr-2,00443,0.338,0.370,0.577,0.934,2,0
cam9-xfr-2,00444,0.167,0.133,0.381,0.627,2,0
cam9-xfr-2,00446,0.091,0.368,0.337,0.848,2,0
cam9-xfr-2,00448,0.200,0.375,0.536,0.940,2,0
cam9-xfr-2,00451,0.217,0.359,0.486,0.921,2,0
cam9-xfr-2,00452,0.148,0.103,0.401,0.590,2,0
cam9-xfr-2,00458,0.205,0.410,0.536,0.951,2,0
cam9-xfr-2,00461,0.199,0.079,0.423,0.557,2,0
cam9-xfr-2,00462,0.122,0.375,0.375,0.901,2,0
cam9-xfr-2,00463,0.212,0.337,0.527,0.910,2,0
cam9-xfr-2,00464,0.270,0.340,0.555,0.934,2,0
cam9-xfr-2,00465,0.194,0.346,0.524,0.892,2,0
cam9-xfr-2,00468,0.408,0.002,0.630,0.563,2,0
cam9-xfr-2,00470,0.315,0.392,0.540,0.886,2,0
cam9-xfr-2,00472,0.125,0.346,0.407,0.855,2,0
cam9-xfr-2,00473,0.396,0.324,0.629,1.000,2,0
cam9-xfr-2,00475,0.369,0.076,0.577,0.585,2,0
cam9-xfr-2,00475,0.283,0.357,0.536,1.000,2,0
cam9-xfr-2,00478,0.194,0.335,0.441,0.897,2,0
cam9-xfr-2,00481,0.279,0.353,0.582,0.932,2,0
cam9-xfr-2,00483,0.326,0.344,0.516,0.978,2,0
cam9-xfr-2,00484,0.371,0.322,0.632,0.956,2,0
cam9-xfr-2,00485,0.273,0.090,0.536,0.596,2,0
cam9-xfr-2,00487,0.481,0.337,0.702,0.951,2,0
cam9-xfr-2,00489,0.254,0.482,0.492,1.000,2,0
cam9-xfr-2,00491,0.368,0.000,0.596,0.603,2,0
cam9-xfr-2,00492,0.473,0.401,0.665,0.923,2,0
cam9-xfr-2,00494,0.476,0.033,0.656,0.620,2,0
cam9-xfr-2,00506,0.434,0.050,0.634,0.627,2,0
cam9-xfr-2,00507,0.368,0.357,0.570,0.892,2,0
cam9-xfr-2,00508,0.571,0.313,0.800,0.855,2,0
cam9-xfr-2,00510,0.534,0.111,0.744,0.592,2,0
cam9-xfr-2,00512,0.460,0.337,0.706,0.875,2,0
cam9-xfr-2,00516,0.388,0.372,0.618,0.925,2,0
cam9-xfr-2,00520,0.484,0.079,0.693,0.633,2,0
cam9-xfr-2,00521,0.437,0.331,0.664,0.932,2,0
cam9-xfr-2,00523,0.616,0.344,0.891,0.919,2,0
cam9-xfr-2,00528,0.436,0.326,0.658,0.936,2,0
cam9-xfr-2,00530,0.617,0.331,0.876,0.914,2,0
cam9-xfr-2,00532,0.492,0.041,0.706,0.603,2,0
cam9-xfr-2,00536,0.392,0.346,0.706,0.912,2,0
cam9-xfr-2,00541,0.337,0.377,0.579,0.901,2,0
cam9-xfr-2,00543,0.399,0.037,0.638,0.596,2,0
cam9-xfr-2,00545,0.410,0.361,0.701,0.914,2,0
cam9-xfr-2,00547,0.475,0.364,0.693,0.940,2,0
cam9-xfr-2,00548,0.478,0.061,0.713,0.603,2,0
cam9-xfr-2,00550,0.397,0.381,0.682,0.971,2,0
cam9-xfr-2,00552,0.358,0.351,0.556,0.901,2,0
cam9-xfr-2,00553,0.529,0.482,0.745,1.000,2,0
cam9-xfr-2,00557,0.475,0.344,0.713,0.938,2,0
cam9-xfr-2,00558,0.368,0.026,0.612,0.592,2,0
cam9-xfr-2,00559,0.381,0.100,0.585,0.638,2,0
cam9-xfr-2,00559,0.544,0.353,0.756,1.000,2,0
cam9-xfr-2,00561,0.353,0.372,0.570,0.925,2,0
cam9-xfr-2,00563,0.545,0.476,0.762,1.000,2,0
cam9-xfr-2,00565,0.330,0.456,0.536,0.995,2,0
cam9-xfr-2,00566,0.548,0.326,0.777,0.879,2,0
cam9-xfr-2,00569,0.460,0.085,0.701,0.603,2,0
cam9-xfr-2,00570,0.315,0.438,0.528,1.000,2,0
cam9-xfr-2,00571,0.385,0.462,0.668,0.929,2,0
cam9-xfr-2,00574,0.262,0.372,0.464,0.925,2,0
cam9-xfr-2,00575,0.426,0.462,0.682,0.962,2,0
cam9-xfr-2,00575,0.278,0.353,0.580,0.861,2,0
cam9-xfr-2,00577,0.297,0.427,0.569,0.982,2,0
cam9-xfr-2,00579,0.376,0.098,0.617,0.638,2,0
cam9-xfr-2,00581,0.263,0.462,0.553,0.997,2,0
cam9-xfr-2,00583,0.402,0.289,0.626,0.866,2,0
cam9-xfr-2,00586,0.295,0.318,0.575,0.903,2,0
cam9-xfr-2,00587,0.268,0.022,0.482,0.570,2,0
cam9-xfr-2,00588,0.249,0.392,0.526,0.965,2,0
cam9-xfr-2,00593,0.188,0.072,0.429,0.636,2,0
cam9-xfr-2,00595,0.290,0.357,0.537,0.962,2,0
cam9-xfr-2,00596,0.198,0.390,0.547,0.929,2,0
cam9-xfr-2,00598,0.264,0.019,0.452,0.585,2,0
cam9-xfr-2,00599,0.251,0.333,0.441,0.883,2,0
cam9-xfr-2,00604,0.131,0.386,0.423,0.947,2,0
cam9-xfr-2,00607,0.275,0.359,0.500,0.868,2,0
cam9-xfr-2,00608,0.167,0.004,0.396,0.563,2,0
cam9-xfr-2,00611,0.062,0.429,0.338,0.971,2,0
cam9-xfr-2,00614,0.100,0.142,0.346,0.609,2,0
cam9-xfr-2,00617,0.184,0.392,0.476,0.866,2,0
cam9-xfr-2,00618,0.116,0.418,0.364,0.969,2,0
cam9-xfr-2,00620,0.048,0.381,0.333,0.962,2,0
cam9-xfr-2,00623,0.064,0.418,0.330,0.901,2,0
cam9-xfr-2,00624,0.174,0.094,0.404,0.601,2,0
cam9-xfr-2,00626,0.199,0.377,0.461,0.993,2,0
cam9-xfr-2,00627,0.125,0.386,0.475,0.962,2,0
cam9-xfr-2,00630,0.136,0.368,0.391,0.881,2,0
cam9-xfr-2,00634,0.127,0.403,0.476,0.982,2,0
cam9-xfr-2,00636,0.207,0.136,0.443,0.631,2,0
cam9-xfr-2,00638,0.058,0.383,0.320,0.976,2,0
cam9-xfr-2,00642,0.371,0.355,0.587,0.956,2,0
cam9-xfr-2,00642,0.185,0.063,0.433,0.583,2,0
cam9-xfr-2,00644,0.170,0.386,0.396,0.908,2,0
cam9-xfr-2,00648,0.326,0.090,0.547,0.640,2,0
cam9-xfr-2,00650,0.386,0.412,0.608,0.986,2,0
cam9-xfr-2,00650,0.214,0.377,0.423,0.962,2,0
cam9-xfr-2,00654,0.369,0.070,0.597,0.585,2,0
cam9-xfr-2,00654,0.267,0.397,0.564,0.958,2,0
cam9-xfr-2,00657,0.339,0.340,0.564,0.890,2,0
cam9-xfr-2,00659,0.178,0.368,0.396,0.991,2,0
cam9-xfr-2,00664,0.447,0.318,0.659,0.921,2,0
cam9-xfr-2,00665,0.276,0.085,0.521,0.587,2,0
cam9-xfr-2,00667,0.278,0.324,0.590,0.936,2,0
cam9-xfr-2,00670,0.410,0.057,0.596,0.609,2,0
cam9-xfr-2,00670,0.243,0.344,0.457,0.954,2,0
cam9-xfr-2,00671,0.455,0.418,0.691,0.982,2,0
cam9-xfr-2,00673,0.241,0.418,0.529,0.967,2,0
cam9-xfr-2,00675,0.305,0.098,0.533,0.616,2,0
cam9-xfr-2,00678,0.323,0.381,0.616,1.000,2,0
cam9-xfr-2,00680,0.318,0.342,0.610,0.986,2,0
cam9-xfr-2,00681,0.269,0.057,0.517,0.611,2,0
cam9-xfr-2,00682,0.455,0.324,0.680,0.991,2,0
cam9-xfr-2,00688,0.505,0.068,0.697,0.609,2,0
cam9-xfr-2,00689,0.327,0.340,0.660,0.903,2,0
cam9-xfr-2,00692,0.390,0.344,0.663,0.982,2,0
cam9-xfr-2,00694,0.411,0.072,0.632,0.592,2,0
cam9-xfr-2,00696,0.320,0.340,0.529,0.960,2,0
cam9-xfr-2,00697,0.505,0.335,0.709,0.960,2,0
cam9-xfr-2,00699,0.351,0.116,0.603,0.640,2,0
cam9-xfr-2,00701,0.278,0.478,0.518,0.973,2,0
cam9-xfr-2,00705,0.388,0.318,0.602,0.901,2,0
cam9-xfr-2,00706,0.540,0.331,0.765,0.978,2,0
cam9-xfr-2,00707,0.548,0.340,0.771,1.000,2,0
cam9-xfr-2,00710,0.418,0.087,0.643,0.653,2,0
cam9-xfr-2,00713,0.426,0.326,0.692,0.980,2,0
cam9-xfr-2,00714,0.453,0.355,0.744,0.938,2,0
cam9-xfr-2,00717,0.455,0.392,0.672,1.000,2,0
cam9-xfr-2,00718,0.574,0.068,0.850,0.627,2,0
cam9-xfr-2,00719,0.653,0.359,0.883,0.927,2,0
cam9-xfr-2,00722,0.534,0.351,0.846,1.000,2,0
cam9-xfr-2,00725,0.438,0.375,0.677,1.000,2,0
cam9-xfr-2,00736,0.574,0.366,0.823,0.989,2,0
cam9-xfr-2,00751,0.497,0.353,0.848,0.914,2,0
cam9-xfr-2,00754,0.515,0.392,0.812,0.951,2,0
cam9-xfr-2,00756,0.481,0.298,0.724,0.932,2,0
cam9-xfr-2,00760,0.486,0.335,0.724,0.910,2,0
cam9-xfr-2,00762,0.645,0.357,0.844,0.875,2,0
cam9-xfr-2,00763,0.462,0.348,0.728,0.934,2,0
cam9-xfr-2,00767,0.496,0.344,0.803,0.951,2,0
cam9-xfr-2,00769,0.526,0.322,0.750,0.908,2,0
cam9-xfr-2,00772,0.444,0.353,0.707,0.921,2,0
cam9-xfr-2,00776,0.331,0.013,0.595,0.579,2,0
cam9-xfr-2,00777,0.388,0.006,0.650,0.596,2,0
cam9-xfr-2,00781,0.406,0.379,0.669,0.951,2,0
cam9-xfr-2,00783,0.517,0.335,0.728,0.822,2,0
cam9-xfr-2,00784,0.343,0.302,0.568,0.908,2,0
cam9-xfr-2,00787,0.367,0.329,0.581,0.973,2,0
cam9-xfr-2,00789,0.497,0.331,0.761,0.866,2,0
cam9-xfr-2,00790,0.450,0.019,0.740,0.504,2,0
cam9-xfr-2,00795,0.401,0.006,0.631,0.548,2,0
cam9-xfr-2,00795,0.259,0.355,0.511,0.962,2,0
cam9-xfr-2,00796,0.411,0.307,0.601,0.949,2,0
cam9-xfr-2,00800,0.236,0.022,0.486,0.574,2,0
cam9-xfr-2,00801,0.228,0.346,0.474,0.956,2,0
cam9-xfr-2,00803,0.432,0.313,0.643,0.914,2,0
cam9-xfr-2,00805,0.394,0.015,0.649,0.550,2,0
cam9-xfr-2,00806,0.418,0.333,0.619,1.000,2,0
cam9-xfr-2,00810,0.235,0.333,0.491,0.875,2,0
cam9-xfr-2,00812,0.304,0.315,0.634,0.927,2,0
cam9-xfr-2,00816,0.196,0.004,0.444,0.541,2,0
cam9-xfr-2,00817,0.326,0.333,0.544,0.914,2,0
cam9-xfr-2,00819,0.128,0.377,0.371,0.991,2,0
cam9-xfr-2,00822,0.256,0.329,0.520,0.901,2,0
cam9-xfr-2,00824,0.184,0.002,0.485,0.548,2,0
cam9-xfr-2,00825,0.338,0.322,0.597,0.908,2,0
cam9-xfr-2,00826,0.099,0.355,0.365,0.936,2,0
cam9-xfr-2,00829,0.099,0.366,0.363,0.978,2,0
cam9-xfr-2,00831,0.294,0.002,0.565,0.627,2,0
cam9-xfr-2,00833,0.202,0.318,0.522,0.923,2,0
cam9-xfr-2,00835,0.371,0.329,0.611,0.969,2,0
cam9-xfr-2,00837,0.342,0.313,0.589,0.890,2,0
cam9-xfr-2,00841,0.026,0.346,0.371,0.940,2,0
cam9-xfr-2,00843,0.096,0.370,0.433,0.892,2,0
cam9-xfr-2,00844,0.151,0.011,0.432,0.546,2,0
cam9-xfr-2,00845,0.169,0.000,0.438,0.550,2,0
cam9-xfr-2,00847,0.110,0.351,0.426,0.929,2,0
cam9-xfr-2,00849,0.077,0.000,0.401,0.563,2,0
cam9-xfr-2,00850,0.222,0.377,0.480,0.927,2,0
cam9-xfr-2,00851,0.037,0.449,0.323,1.000,2,0
cam9-xfr-2,00856,0.119,0.351,0.348,0.989,2,0
cam9-xfr-2,00857,0.294,0.337,0.527,0.868,2,0
cam9-xfr-2,00858,0.274,0.337,0.589,0.943,2,0
cam9-xfr-2,00859,0.080,0.377,0.368,0.973,2,0
cam9-xfr-2,00860,0.151,0.335,0.450,0.927,2,0
cam9-xfr-2,00861,0.116,0.370,0.367,0.976,2,0
cam9-xfr-2,00864,0.172,0.359,0.484,0.967,2,0
cam9-xfr-2,00866,0.161,0.359,0.407,0.916,2,0
cam9-xfr-2,00867,0.321,0.359,0.616,0.973,2,0
cam9-xfr-2,00867,0.133,0.000,0.420,0.533,2,0
cam9-xfr-2,00869,0.177,0.379,0.550,0.916,2,0
cam9-xfr-2,00872,0.290,0.329,0.521,0.971,2,0
cam9-xfr-2,00874,0.107,0.386,0.376,0.965,2,0
cam9-xfr-2,00876,0.288,0.026,0.547,0.592,2,0
cam9-xfr-2,00877,0.231,0.298,0.496,0.868,2,0
cam9-xfr-2,00880,0.323,0.309,0.587,0.929,2,0
cam9-xfr-2,00880,0.095,0.309,0.376,0.936,2,0
cam9-xfr-2,00884,0.280,0.326,0.573,0.864,2,0
cam9-xfr-2,00887,0.289,0.267,0.596,0.877,2,0
cam9-xfr-2,00888,0.243,0.006,0.565,0.576,2,0
cam9-xfr-2,00891,0.391,0.302,0.642,0.870,2,0
cam9-xfr-2,00892,0.212,0.285,0.469,0.914,2,0
cam9-xfr-2,00897,0.279,0.291,0.528,1.000,2,0
cam9-xfr-2,00898,0.458,0.000,0.696,0.552,2,0
cam9-xfr-2,00900,0.317,0.399,0.659,0.962,2,0
cam9-xfr-2,00900,0.412,0.307,0.728,0.943,2,0
cam9-xfr-2,00901,0.506,0.307,0.723,0.894,2,0
cam9-xfr-2,00902,0.497,0.335,0.703,0.923,2,0
cam9-xfr-2,00904,0.325,0.280,0.550,0.846,2,0
cam9-xfr-2,00907,0.347,0.272,0.665,0.934,2,0
cam9-xfr-2,00909,0.327,0.283,0.659,0.938,2,0
cam9-xfr-2,00912,0.397,0.320,0.637,0.945,2,0
cam9-xfr-2,00914,0.520,0.263,0.788,0.868,2,0
cam9-xfr-2,00916,0.408,0.274,0.737,0.892,2,0
cam9-xfr-2,00917,0.359,0.333,0.621,0.925,2,0
cam9-xfr-2,00920,0.552,0.000,0.772,0.550,2,0
cam9-xfr-2,00921,0.528,0.002,0.796,0.565,2,0
cam9-xfr-2,00922,0.371,0.315,0.608,0.995,2,0
cam9-xfr-2,00924,0.439,0.320,0.682,0.890,2,0
cam9-xfr-2,00925,0.528,0.307,0.807,0.916,2,0
cam9-xfr-2,00927,0.383,0.324,0.734,0.925,2,0
cam9-xfr-2,00930,0.555,0.307,0.798,0.903,2,0
G5Yr20A5z_Q,1280,0.014,0.196,0.284,0.998,3,378
j35JnR0Q7Es,1742,0.373,0.390,0.559,0.672,3,388
Ie35yEssHko,1798,0.499,0.224,0.757,0.959,3,364
-OyDO1g74vc,1247,0.123,0.130,0.472,0.742,3,37
X5wWhZ2r9kc,1721,0.227,0.449,0.373,0.688,3,318
yo-Kg2YxlZs,1022,0.303,0.028,0.842,0.973,3,51
7YpF6DntOYw,1594,0.203,0.183,0.353,0.735,3,358
1ReZIMmD_8E,1617,0.208,0.338,0.353,0.653,3,287
M6cgEs9JgDo,1346,0.115,0.096,0.740,0.998,3,121
_ithRWANKB0,1352,0.418,0.077,0.630,0.878,3,507
tNpZtigMc4g,0989,0.177,0.063,0.628,0.961,3,19
VsYPP2I0aUQ,1339,0.515,0.109,0.866,0.962,3,135
fNcxxBjEOgw,1451,0.189,0.025,0.336,0.294,3,327
-OyDO1g74vc,1654,0.005,0.076,0.578,1.000,3,185
CrlfWnsS7ac,1192,0.000,0.049,0.211,0.956,3,163
9HOMUW7QNFc,0977,0.361,0.271,0.653,0.950,3,26
4gVsDd8PV9U,1419,0.569,0.196,0.973,0.883,3,241
PcFEhUKhN6g,1265,0.074,0.174,0.429,0.948,3,87
JNb4nWexD0I,1243,0.535,0.225,0.986,0.984,3,77
_mAfwH6i90E,1578,0.440,0.051,1.000,0.972,3,533
wogRuPNBUi8,1722,0.462,0.040,0.688,0.944,3,343
oITFHwzfw_k,1546,0.227,0.063,0.489,1.000,3,456
fNcxxBjEOgw,1243,0.137,0.031,1.000,0.989,3,235
U_WzY2k8IBM,1042,0.320,0.132,0.953,0.894,3,79
rUYsoIIE37A,1745,0.025,0.145,0.285,0.871,3,691
9QbzS8bZXFE,1786,0.326,0.166,0.938,0.880,3,222
TCmNvNLRWrc,1608,0.669,0.090,0.964,0.973,3,595
cWYJHb25EVs,1222,0.372,0.305,0.824,0.990,3,160
Ag-pXiLrd48,0990,0.407,0.113,0.856,0.887,3,20
gqmmpoO1JrY,1050,0.099,0.533,0.230,0.991,3,41
_ithRWANKB0,1396,0.816,0.534,1.000,1.000,3,607
Ksd1JQFHYWA,1034,0.615,0.055,0.861,0.846,3,190
gjasEUDkbuc,1506,0.000,0.280,0.384,0.942,3,383
b5pRYl_djbs,0911,0.043,0.027,0.770,0.990,3,5
miB-wo2PfLI,1569,0.895,0.216,0.991,0.445,3,620
-5KQ66BBWC4,1693,0.595,0.150,0.757,0.958,3,238
5milLu-6bWI,0953,0.599,0.305,0.700,0.822,3,19
2E_e8JlvTlg,1264,0.109,0.090,0.897,0.989,3,156
Ie35yEssHko,1498,0.461,0.433,0.865,0.985,3,233
YYWdB7h1INo,1467,0.364,0.393,0.554,0.940,3,206
D8Vhxbho1fY,1486,0.472,0.110,0.809,0.985,3,475
5YPjcdLbs5g,1166,0.496,0.101,0.643,0.924,3,89
qBUu7cy-5Iw,0989,0.039,0.088,0.598,0.997,3,38
9bK05eBt1GM,1045,0.000,0.131,0.672,0.908,3,141
HV0H6oc4Kvs,0948,0.408,0.242,0.586,0.998,3,11
7nHkh4sP5Ks,1062,0.425,0.130,1.000,0.988,3,20
_Ca3gOdOHxU,1125,0.276,0.265,0.357,0.591,3,313
xO4ABy2iOQA,1480,0.685,0.227,0.786,0.545,3,375
2qQs3Y9OJX0,1644,0.556,0.384,0.924,0.928,3,630
KWoSGtglCms,1242,0.223,0.107,0.972,0.878,3,64
cc4y-yYm5Ao,1285,0.523,0.229,0.763,0.868,3,82
qsTqtWVVSLM,1121,0.353,0.013,0.819,0.980,3,63
fZs-yXm-uUs,1518,0.239,0.342,0.387,0.754,3,213
WKqbLbU68wU,1240,0.086,0.000,0.769,0.995,3,111
9QbzS8bZXFE,0922,0.345,0.110,0.985,0.880,3,13
rUYsoIIE37A,1425,0.281,0.203,0.374,0.421,3,416
yMtGmGa8KZ0,1126,0.089,0.163,0.425,0.987,3,57
cLiJgvrDlWw,1042,0.081,0.027,1.000,1.000,3,40
tNpZtigMc4g,1499,0.489,0.074,0.835,0.960,3,270
yMtGmGa8KZ0,1701,0.302,0.261,0.595,0.767,3,186
kAsz-76DTDE,1214,0.406,0.267,0.625,0.627,3,165
bAVXp1oGjHA,1348,0.266,0.283,0.472,0.655,3,169
jBs_XYHI7gM,1739,0.089,0.077,0.756,0.989,3,235
cc4y-yYm5Ao,1565,0.280,0.139,0.852,0.952,3,155
gjasEUDkbuc,1226,0.763,0.260,0.882,0.469,3,216
9tyiDEYiWiA,1433,0.140,0.152,0.518,0.996,3,180
HV0H6oc4Kvs,1762,0.002,0.107,0.307,0.988,3,188
gjdgj04FzR0,0930,0.791,0.392,0.998,0.988,3,23
9bK05eBt1GM,1160,0.672,0.112,0.992,0.930,3,171
jI0HIlSsa3s,1646,0.096,0.118,0.661,0.922,3,325
gjdgj04FzR0,1190,0.369,0.110,0.683,0.919,3,201
yvgCGJ6vfkY,0980,0.567,0.034,1.000,0.987,3,43
XglAvHaEtHY,1048,0.089,0.193,0.402,0.844,3,144
rUYsoIIE37A,1229,0.408,0.154,0.726,0.802,3,198
Ytga8ciKWJc,1105,0.620,0.047,0.993,0.946,3,97
053oq2xB3oU,1404,0.577,0.142,0.976,0.892,3,558
KIy2a-nejxg,1775,0.139,0.000,0.981,0.989,3,417
AYebXQ8eUkM,1035,0.333,0.324,0.430,0.731,3,50
0f39OWEqJ24,1511,0.053,0.000,0.999,0.987,3,227
oITFHwzfw_k,1303,0.066,0.170,0.669,0.865,3,342
y7ncweROe9U,1169,0.150,0.239,0.468,0.991,3,82
U_WzY2k8IBM,1272,0.767,0.163,1.000,0.855,3,158
rk8Xm0EAOWs,1341,0.228,0.125,0.982,0.893,3,193
CrlfWnsS7ac,1468,0.538,0.141,0.980,0.976,3,214
Riu4ZKk4YdQ,1439,0.003,0.173,0.651,0.867,3,127
-5KQ66BBWC4,1378,0.448,0.173,0.684,0.523,3,176
vfjywN5CN0Y,1580,0.152,0.229,0.268,0.490,3,174
QMwT7DFA5O4,1302,0.389,0.219,0.542,0.669,3,115
miB-wo2PfLI,1519,0.000,0.046,0.449,0.994,3,546
QD3L10bUnBo,1634,0.039,0.138,0.928,0.977,3,202
kAsz-76DTDE,1303,0.251,0.182,0.762,0.893,3,286
HV0H6oc4Kvs,1313,0.066,0.131,0.732,0.980,3,68
phrYEKv0rmw,1281,0.689,0.181,0.940,0.982,3,304
UsLnxI_zGpY,1755,0.009,0.185,0.897,0.989,3,677
-XpUuIgyUHE,1574,0.014,0.147,0.476,0.958,3,430
oITFHwzfw_k,1456,0.066,0.106,0.974,0.995,3,419
S0tkhGJjwLA,1529,0.213,0.127,0.375,0.962,3,225
KIy2a-nejxg,1350,0.116,0.197,0.294,0.990,3,124
VRlpH1MbWUw,1642,0.078,0.066,0.748,0.990,3,261
4gVsDd8PV9U,0988,0.222,0.556,0.322,0.849,3,52
qrkff49p4E4,1725,0.467,0.237,0.673,0.658,3,247
tjqCzVjojCo,1230,0.250,0.073,0.927,0.852,3,89
wogRuPNBUi8,1724,0.794,0.081,0.982,1.000,3,343
7nHkh4sP5Ks,0908,0.000,0.193,0.472,0.714,3,1
3_VjIRdXVdM,1177,0.210,0.196,0.794,0.878,3,155
t1LXrJOvPDg,0989,0.172,0.028,0.970,0.981,3,42
PmElx9ZVByw,1440,0.255,0.147,0.474,0.881,3,322
PcFEhUKhN6g,1744,0.353,0.316,0.497,0.544,3,261
jqZpiHlJUig,1527,0.372,0.549,0.493,0.774,3,595
UgZFdrNT6W0,0974,0.144,0.113,0.309,0.599,3,36
lT1zdTL-3SM,1473,0.070,0.058,0.970,1.000,3,263
XF87VL5T0aA,0979,0.151,0.352,0.576,0.827,3,10
LrDT25hmApw,1578,0.505,0.289,0.700,0.869,3,216
fGgnNCbXZ20,1182,0.539,0.363,0.598,0.461,3,88
9QbzS8bZXFE,1069,0.389,0.313,0.573,0.868,3,49
C3qk4yAMANk,1447,0.567,0.190,0.925,0.995,3,357
TCmNvNLRWrc,1064,0.444,0.155,0.623,0.831,3,126
skiZueh4lfY,1692,0.070,0.405,0.441,0.989,3,292
aMYcLyh9OhU,1653,0.445,0.231,0.899,0.882,3,287
KIy2a-nejxg,1650,0.201,0.405,0.354,0.850,3,357
_-Z6wFjXtGQ,1129,0.557,0.019,0.943,0.991,3,67
CrlfWnsS7ac,1245,0.313,0.081,0.804,1.000,3,171
g1wyIcLPbq0,1402,0.807,0.387,0.851,0.582,3,324
gjasEUDkbuc,1003,0.331,0.073,0.560,0.980,3,4
J1jDc2rTJlg,1077,0.000,0.029,0.592,0.988,3,76
5MxjqHfkWFI,1377,0.082,0.094,1.000,0.962,3,120
phrYEKv0rmw,1127,0.023,0.012,0.513,0.997,3,180
QotkBTEePI8,1703,0.624,0.153,0.669,0.476,3,191
7g37N3eoQ9s,1112,0.146,0.063,0.482,0.987,3,55
yvgCGJ6vfkY,1757,0.567,0.175,0.794,0.986,3,475
rFgb2ECMcrY,1789,0.107,0.216,0.539,0.981,3,621