sUVhd0YTKgw,1186,0.365,0.243,0.736,0.991,1,216
cam13-xfr-2,00480,0.332,0.224,0.620,0.959,2,0
cam9-xfr-2,00249,0.161,0.000,0.418,0.561,2,0
cam13-p2p-2,01203,0.828,0.355,0.999,0.625,1,0
cam13-xfr-1,00877,0.537,0.171,0.819,0.708,2,0
cam13-p2p-2,00868,0.575,0.380,0.838,0.727,1,0
fD6VkIRlIRI,1783,0.000,0.162,0.339,1.000,1,367
cam13-p2p-2,01149,0.340,0.371,0.610,0.738,1,0
t1LXrJOvPDg,1668,0.015,0.250,0.262,0.976,3,365
cam13-p2p-2,00051,0.536,0.415,0.784,0.848,1,0
cam11-xfr-1,00786,0.260,0.265,0.461,0.978,2,0
oITFHwzfw_k,1631,0.517,0.172,0.759,0.600,3,475
cam13-p2p-2,01175,0.160,0.393,0.478,0.753,1,0
M6cgEs9JgDo,1346,0.115,0.096,0.740,0.998,3,121
cam6-p2p-2,00367,0.000,0.209,0.144,0.538,3,0
cam13-xfr-1,00272,0.749,0.002,0.962,0.361,2,0
cam13-xfr-2,00671,0.757,0.156,0.996,0.665,2,0
cam11-xfr-1,00145,0.761,0.430,0.983,0.989,3,0
26V9UzqSguo,1759,0.623,0.221,0.783,0.695,1,520
cam13-p2p-2,00818,0.822,0.377,1.000,0.654,1,0
cam9-xfr-2,00257,0.163,0.035,0.449,0.570,2,0
cam5-p2p-2,00337,0.001,0.495,0.316,0.938,1,0
cam5-p2p-2,00131,0.000,0.093,0.217,0.481,3,0
cam13-xfr-2,00070,0.786,0.000,0.997,0.382,2,0
cam13-p2p-2,00455,0.331,0.387,0.631,0.923,3,0
BY3sZmvUp-0,1167,0.310,0.426,0.570,0.759,1,80
-OyDO1g74vc,1548,0.507,0.129,0.831,0.701,1,162
xmqSaQPzL1E,1595,0.183,0.054,0.638,0.932,1,228
cam13-xfr-1,01009,0.783,0.000,0.989,0.413,2,0
cam9-xfr-2,00909,0.327,0.283,0.659,0.938,2,0
_mAfwH6i90E,1572,0.023,0.047,0.625,1.000,3,524
cam11-xfr-1,00145,0.761,0.430,0.983,0.989,3,0
0f39OWEqJ24,1401,0.090,0.106,0.629,0.981,3,184
cam9-xfr-2,00856,0.119,0.351,0.348,0.989,2,0
LrDT25hmApw,1308,0.045,0.162,0.593,0.880,3,71
cam13-xfr-1,01018,0.677,0.195,0.945,0.666,2,0
7YpF6DntOYw,1282,0.128,0.324,0.350,0.977,3,235
cam13-p2p-2,01154,0.440,0.411,0.657,0.749,1,0
cam13-xfr-1,00603,0.523,0.005,0.759,0.332,2,0
-OyDO1g74vc,1654,0.005,0.076,0.578,1.000,3,185
cam5-p2p-2,00166,0.411,0.009,0.620,0.280,3,0
cam9-xfr-2,00566,0.548,0.326,0.777,0.879,2,0
IuPC-z-M9u8,1656,0.404,0.000,0.994,0.963,1,346
cam13-xfr-1,00076,0.812,0.186,0.999,0.610,2,0
8nO5FFbIAog,1524,0.423,0.092,0.945,0.988,3,262
Riu4ZKk4YdQ,1603,0.029,0.119,0.820,0.894,3,154
U_WzY2k8IBM,1755,0.570,0.285,0.625,0.536,3,476
tjqCzVjojCo,1311,0.050,0.057,0.402,1.000,3,105
Ytga8ciKWJc,1105,0.620,0.047,0.993,0.946,3,97
XF87VL5T0aA,1112,0.712,0.343,0.998,0.792,1,170
rUYsoIIE37A,1481,0.335,0.176,0.527,0.572,1,482
cam11-xfr-1,01071,0.291,0.002,0.540,0.393,2,0
HVAmkvLrthQ,1480,0.592,0.254,0.691,0.466,3,393
J4bt4y9ShTA,1143,0.303,0.170,0.575,0.965,1,102
oITFHwzfw_k,1358,0.333,0.279,0.807,0.816,1,369
cam13-xfr-2,00447,0.542,0.000,0.784,0.345,2,0
cam13-xfr-1,00085,0.699,0.179,0.995,0.665,2,0
cam13-xfr-2,00243,0.823,0.213,1.000,0.779,2,0
32HR3MnDZ8g,1259,0.577,0.055,1.000,0.978,3,78
cam13-p2p-2,01056,0.408,0.389,0.671,0.753,1,0
cam13-xfr-2,00125,0.749,0.134,0.986,0.621,2,0
cam5-p2p-2,00019,0.001,0.007,0.232,0.397,1,0
cam13-xfr-2,00380,0.374,0.235,0.606,0.757,2,0
Hi8QeP_VPu0,1563,0.457,0.148,0.832,0.995,3,219
cam13-xfr-1,00147,0.415,0.165,0.614,0.821,2,0
7YpF6DntOYw,1594,0.203,0.183,0.353,0.735,3,358
dMH8L7mqCNI,1512,0.744,0.194,0.837,0.578,1,279
cam13-p2p-2,00902,0.153,0.194,0.403,0.742,1,0
cam13-p2p-2,00315,0.726,0.400,0.979,0.707,1,0
cam13-p2p-2,00075,0.837,0.417,1.000,0.726,1,0
cam6-p2p-2,00163,0.674,0.073,0.908,0.882,1,0
cam13-p2p-2,00206,0.761,0.393,1.000,0.687,1,0
cam13-p2p-2,01070,0.429,0.358,0.639,0.716,1,0
cam13-p2p-1,00088,0.397,0.444,0.713,0.830,3,0
cam13-p2p-2,00949,0.324,0.473,0.570,0.824,1,0
cam5-p2p-2,00119,0.089,0.197,0.411,0.663,1,0
Ie35yEssHko,1479,0.282,0.099,0.532,0.989,1,230
Vmef_8MY46w,0905,0.742,0.287,0.994,0.922,3,3
cam13-xfr-2,00588,0.231,0.299,0.469,0.812,2,0
cam11-xfr-1,00435,0.003,0.000,0.332,0.322,3,0
cam9-xfr-2,00428,0.289,0.366,0.590,0.965,2,0
cam11-xfr-1,00362,0.250,0.002,0.483,0.349,2,0
cam13-p2p-2,00097,0.825,0.386,1.000,0.638,1,0
cam13-xfr-2,00369,0.368,0.187,0.616,0.740,2,0
cam13-xfr-2,00627,0.658,0.174,0.920,0.764,2,0
cam11-xfr-1,00372,0.327,0.171,0.482,0.623,2,0
cam13-p2p-2,00816,0.584,0.377,0.829,0.738,1,0
aMYcLyh9OhU,1065,0.123,0.260,0.401,0.884,1,80
5MxjqHfkWFI,1377,0.082,0.094,1.000,0.962,3,120
cam13-xfr-1,00689,0.725,0.184,0.983,0.719,2,0
hbYvDvJrpNk,1125,0.877,0.107,1.000,0.984,3,219
C3qk4yAMANk,1155,0.240,0.000,0.983,0.984,3,93
cam9-xfr-2,00914,0.520,0.263,0.788,0.868,2,0
tNpZtigMc4g,1499,0.489,0.074,0.835,0.960,3,270
cam11-xfr-1,00338,0.241,0.000,0.471,0.404,2,0
cam13-xfr-1,00887,0.380,0.000,0.603,0.408,2,0
G5Yr20A5z_Q,1318,0.060,0.050,0.621,0.993,1,436
CrlfWnsS7ac,1468,0.538,0.141,0.980,0.976,3,214
cam13-p2p-2,00737,0.763,0.004,0.988,0.375,3,0
cam9-xfr-2,00411,0.256,0.429,0.486,0.976,2,0
cam5-p2p-2,00085,0.159,0.084,0.394,0.488,1,0
cam13-xfr-1,00228,0.496,0.008,0.711,0.413,2,0
cam9-xfr-2,00588,0.249,0.392,0.526,0.965,2,0
cam13-p2p-2,00793,0.411,0.366,0.618,0.737,1,0
G5Yr20A5z_Q,1294,0.001,0.166,0.451,0.989,1,392
qrkff49p4E4,1725,0.467,0.237,0.673,0.658,3,247
cKA-qeZuH_w,1087,0.524,0.619,0.725,0.961,3,160
CrlfWnsS7ac,1245,0.313,0.081,0.804,1.000,3,171
jI0HIlSsa3s,0997,0.261,0.043,0.994,0.996,1,27
iSlDMboCSao,1652,0.556,0.314,0.671,0.606,1,261
cam13-xfr-2,00678,0.237,0.678,0.492,1.000,3,0
sUVhd0YTKgw,1788,0.176,0.107,0.452,0.998,1,621
cam6-p2p-2,00371,0.253,0.422,0.527,0.884,1,0
cam13-xfr-1,00321,0.016,0.590,0.219,0.990,3,0
cam13-xfr-1,00720,0.000,0.539,0.274,0.987,3,0
TcB0IFBwk-k,1609,0.568,0.554,0.787,0.919,3,370
cam13-xfr-2,00574,0.571,0.000,0.820,0.393,3,0
CG98XdYsgrA,1264,0.480,0.021,1.000,0.985,3,131
gjasEUDkbuc,1559,0.621,0.461,0.690,0.856,3,432
cam13-xfr-1,00280,0.745,0.163,0.990,0.608,2,0
cam13-p2p-2,00785,0.128,0.422,0.412,0.731,1,0
cam13-xfr-1,01054,0.793,0.200,1.000,0.650,2,0
cam13-xfr-2,00181,0.642,0.200,0.901,0.738,3,0
_-Z6wFjXtGQ,1185,0.472,0.227,0.874,0.982,1,109
9eAOr_ttXp0,1258,0.150,0.049,0.825,0.933,3,102
cam13-p2p-2,00360,0.756,0.437,0.996,0.786,1,0
cam9-xfr-2,00570,0.315,0.438,0.528,1.000,2,0
cam13-xfr-1,00917,0.348,0.008,0.574,0.379,2,0
HVAmkvLrthQ,1443,0.625,0.218,0.991,0.781,1,365
cam13-p2p-2,00206,0.761,0.393,1.000,0.687,1,0
GozLjpMNADg,1253,0.138,0.252,0.292,0.973,1,421
cam13-p2p-2,01192,0.459,0.444,0.687,0.806,1,0
cam5-p2p-2,00006,0.085,0.267,0.393,0.616,1,0
_Ca3gOdOHxU,1185,0.516,0.261,0.770,0.884,3,486
cam13-xfr-2,00281,0.814,0.200,1.000,0.667,2,0
cam13-p2p-2,00093,0.821,0.440,0.995,0.676,1,0
N0Dt9i9IUNg,1224,0.537,0.327,0.872,0.973,3,46
cam9-xfr-2,00292,0.455,0.269,0.689,0.844,2,0
G5Yr20A5z_Q,0911,0.838,0.237,0.971,0.971,1,15
cam9-xfr-2,00132,0.617,0.293,0.865,0.868,2,0
cam13-p2p-2,00785,0.128,0.422,0.412,0.731,1,0
cam5-p2p-2,00119,0.089,0.197,0.411,0.663,1,0
cam9-xfr-2,00484,0.371,0.322,0.632,0.956,2,0
J1jDc2rTJlg,1250,0.523,0.520,0.579,0.852,3,179
Vmef_8MY46w,1277,0.094,0.180,0.507,0.902,1,218
t1LXrJOvPDg,1345,0.613,0.022,0.987,0.944,3,207
Ie35yEssHko,1057,0.119,0.459,0.288,0.672,3,80
3_VjIRdXVdM,1494,0.433,0.260,0.836,0.866,1,275
N5UD8FGzDek,1201,0.260,0.199,0.721,0.958,1,161
rUYsoIIE37A,1748,0.377,0.198,0.654,0.845,1,689
cam13-xfr-1,00985,0.645,0.000,0.899,0.405,2,0
Riu4ZKk4YdQ,1439,0.003,0.173,0.651,0.867,3,127
cam9-xfr-2,00844,0.151,0.011,0.432,0.546,2,0
Ie35yEssHko,1498,0.461,0.433,0.865,0.985,3,233
Ie35yEssHko,1479,0.282,0.099,0.532,0.989,1,230
cam6-p2p-2,00170,0.457,0.000,0.659,0.387,1,0
cam13-xfr-1,00046,0.824,0.261,0.996,0.718,2,0
fNcxxBjEOgw,1243,0.137,0.031,1.000,0.989,3,235
Hi8QeP_VPu0,1316,0.254,0.079,0.863,0.992,1,143
cam13-p2p-2,00517,0.246,0.395,0.485,0.800,3,0
cam13-p2p-2,01061,0.820,0.351,0.997,0.607,1,0
cam11-xfr-1,00271,0.044,0.237,0.360,0.671,2,0
cam13-p2p-1,00005,0.784,0.466,0.998,0.760,1,0
9bK05eBt1GM,0949,0.101,0.286,0.282,0.910,3,105
xp67EC-Hvwk,1594,0.253,0.055,0.726,0.983,3,247
cam13-xfr-2,00336,0.403,0.156,0.693,0.821,2,0
cam13-xfr-2,00191,0.762,0.163,0.996,0.599,2,0
kLDpP9QEVBs,1149,0.073,0.101,0.354,0.841,1,79
cam5-p2p-2,00090,0.212,0.219,0.506,0.702,1,0
yMtGmGa8KZ0,1126,0.089,0.163,0.425,0.987,3,57
kplbKz3_fZk,1470,0.369,0.701,0.410,0.938,3,619
cam13-xfr-1,00463,0.563,0.005,0.773,0.347,2,0
cam13-p2p-2,01156,0.138,0.356,0.424,0.780,1,0
cam13-xfr-1,00728,0.727,0.492,0.998,0.916,3,0
cam13-p2p-2,01028,0.751,0.366,0.996,0.724,1,0
cam9-xfr-2,00812,0.304,0.315,0.634,0.927,2,0
U_WzY2k8IBM,1755,0.570,0.285,0.625,0.536,3,476
cam11-xfr-1,00414,0.000,0.241,0.280,0.645,2,0
2qQs3Y9OJX0,1639,0.293,0.144,0.568,0.982,1,631
cam13-xfr-1,00201,0.361,0.208,0.706,0.753,2,0
7nHkh4sP5Ks,1653,0.620,0.472,0.879,0.808,3,153
qpoWHELxL-4,1070,0.100,0.009,0.944,0.974,3,78
cam11-xfr-1,01098,0.189,0.274,0.592,0.746,2,0
oD_wxyTHJ2I,1790,0.436,0.214,0.683,0.993,3,279
cam9-xfr-2,00614,0.100,0.142,0.346,0.609,2,0
vfjywN5CN0Y,1034,0.465,0.086,0.941,0.988,1,34
cam6-p2p-2,00170,0.311,0.262,0.590,0.972,1,0
J4bt4y9ShTA,1739,0.000,0.000,0.591,0.999,1,320
t0V4drbYDnc,1302,0.140,0.194,0.715,0.952,1,184
cam13-xfr-2,00643,0.436,0.233,0.659,0.751,2,0
dgLApPvmfBE,1734,0.357,0.087,0.837,0.980,1,384
cam13-xfr-1,00192,0.349,0.207,0.523,0.652,2,0
cam5-p2p-2,00032,0.077,0.000,0.309,0.411,1,0
cam6-p2p-2,00398,0.349,0.075,0.645,0.553,1,0
cam13-p2p-1,00045,0.031,0.596,0.392,0.985,1,0
Vmef_8MY46w,1277,0.094,0.180,0.507,0.902,1,218
cam13-xfr-1,00090,0.740,0.007,0.957,0.307,3,0
cam13-xfr-2,00461,0.504,0.259,0.752,0.784,2,0
gjdgj04FzR0,1474,0.469,0.021,0.850,0.958,1,288
cam13-xfr-2,00741,0.633,0.141,0.872,0.707,2,0
AYebXQ8eUkM,1035,0.333,0.324,0.430,0.731,3,50
cam13-xfr-2,00572,0.156,0.233,0.415,0.759,2,0
cam13-xfr-1,00983,0.434,0.179,0.724,0.748,2,0
G5Yr20A5z_Q,1276,0.464,0.000,0.993,0.995,1,361
cam9-xfr-2,00443,0.338,0.370,0.577,0.934,2,0
cam13-xfr-2,00156,0.473,0.001,0.680,0.143,3,0
tt0t_a1EDCE,0949,0.386,0.267,0.593,0.755,1,11
M6cgEs9JgDo,1424,0.218,0.002,0.622,0.986,3,147
cam13-p2p-2,00315,0.461,0.472,0.802,0.808,1,0
HVAmkvLrthQ,0967,0.614,0.370,0.819,0.781,1,90
cam11-xfr-1,00764,0.362,0.125,0.533,0.757,2,0
cam11-xfr-1,01021,0.017,0.202,0.304,0.671,2,0
aMYcLyh9OhU,1583,0.642,0.269,0.980,0.709,3,253
tNpZtigMc4g,1044,0.018,0.006,0.415,0.984,3,83
cam13-p2p-2,01233,0.805,0.378,0.997,0.707,3,0
miB-wo2PfLI,1720,0.299,0.248,0.542,0.549,3,738
cam13-p2p-2,01062,0.363,0.404,0.631,0.760,1,0
2fwni_Kjf2M,1131,0.262,0.285,0.399,0.932,1,61
cam13-p2p-2,00839,0.104,0.411,0.389,0.722,1,0
cam13-p2p-2,00007,0.795,0.382,0.998,0.678,1,0
cam9-xfr-2,00090,0.320,0.000,0.550,0.522,2,0
cam13-xfr-1,00095,0.648,0.197,0.869,0.621,2,0
cam13-xfr-1,00498,0.415,0.179,0.640,0.703,2,0
cam11-xfr-1,00412,0.124,0.004,0.370,0.408,2,0
cam9-xfr-2,00257,0.163,0.035,0.449,0.570,2,0
cam11-xfr-1,00663,0.074,0.002,0.338,0.393,2,0
fGgnNCbXZ20,1052,0.435,0.144,0.957,0.622,1,39
Ie35yEssHko,1480,0.233,0.146,0.625,0.985,1,230
xmqSaQPzL1E,1245,0.064,0.017,0.413,0.963,3,76
cam13-xfr-2,00476,0.501,0.240,0.883,0.650,2,0
cam5-p2p-2,00066,0.042,0.086,0.324,0.490,3,0
cam13-p2p-2,01007,0.801,0.349,0.993,0.676,1,0
OfMdakd4bHI,0984,0.492,0.402,0.736,0.933,3,51
cam13-p2p-2,01200,0.650,0.386,0.954,0.819,1,0
cam9-xfr-2,00877,0.231,0.298,0.496,0.868,2,0
cam11-xfr-1,00086,0.000,0.237,0.214,0.643,2,0
cam13-xfr-1,00469,0.659,0.074,0.873,0.624,2,0
cam13-xfr-1,00186,0.275,0.181,0.568,0.771,2,0
xO4ABy2iOQA,1276,0.445,0.142,0.998,0.979,1,300
cam13-p2p-2,01077,0.627,0.351,0.924,0.687,1,0
cam13-xfr-2,00426,0.008,0.077,0.182,0.671,3,0
fGgnNCbXZ20,1059,0.429,0.111,0.876,0.603,1,39
cam13-xfr-1,00379,0.802,0.203,0.995,0.571,2,0
b50s4AlOOKY,0998,0.238,0.335,0.490,0.781,1,83
cam13-xfr-2,00630,0.246,0.185,0.558,0.790,2,0
cam6-p2p-2,00415,0.299,0.213,0.538,0.777,1,0
cam13-xfr-2,00475,0.466,0.000,0.698,0.376,2,0
2FIHxnZKg6A,1226,0.074,0.321,0.502,0.850,1,127
cam13-xfr-1,00713,0.808,0.034,0.968,0.369,3,0
cam13-p2p-2,01002,0.593,0.356,0.843,0.755,1,0
cam6-p2p-2,00249,0.295,0.667,0.677,1.000,1,0
cam13-xfr-2,00719,0.649,0.148,0.936,0.637,2,0
x-6CtPWVi6E,1730,0.012,0.074,0.427,0.971,1,414
XF87VL5T0aA,0987,0.209,0.379,0.368,0.805,1,29
cam13-p2p-2,00371,0.459,0.521,0.865,0.874,1,0
cam9-xfr-2,00900,0.317,0.399,0.659,0.962,2,0
cam13-xfr-1,00159,0.398,0.002,0.595,0.400,2,0
cam5-p2p-2,00214,0.003,0.252,0.234,0.773,1,0
tNpZtigMc4g,0989,0.177,0.063,0.628,0.961,3,19
fZs-yXm-uUs,1735,0.269,0.377,0.426,0.606,3,294
cam6-p2p-2,00277,0.038,0.007,0.270,0.378,3,0
cam6-p2p-2,00186,0.236,0.404,0.522,0.889,1,0
2bxKkUgcqpk,1120,0.000,0.030,0.826,0.958,1,44
TM5MPJIq1Is,1014,0.531,0.165,0.766,0.714,1,36
cam6-p2p-2,00021,0.814,0.506,0.997,0.817,1,0
cam9-xfr-2,00101,0.418,0.318,0.610,0.809,2,0
cam6-p2p-2,00164,0.544,0.005,0.761,0.466,1,0
cWYJHb25EVs,1581,0.137,0.097,0.518,0.987,1,247
cam11-xfr-1,00277,0.285,0.226,0.489,0.673,2,0
cam9-xfr-2,00421,0.410,0.072,0.616,0.596,2,0
cam13-p2p-2,01027,0.508,0.411,0.822,0.755,1,0
cam13-xfr-2,00615,0.546,0.115,0.809,0.661,2,0
cam11-xfr-1,00811,0.150,0.246,0.353,0.829,2,0
cc4y-yYm5Ao,1796,0.635,0.261,0.847,0.879,1,193
cam5-p2p-2,00108,0.124,0.313,0.413,0.689,3,0
j35JnR0Q7Es,1311,0.642,0.116,0.957,0.747,1,193
cam13-p2p-1,00052,0.111,0.625,0.497,0.965,1,0
cam6-p2p-2,00021,0.814,0.506,0.997,0.817,1,0
Gfdg_GcaNe8,1184,0.047,0.161,0.492,0.944,3,104
cam6-p2p-2,00383,0.421,0.507,0.765,0.933,1,0
cam6-p2p-2,00402,0.306,0.128,0.532,0.764,1,0
cam6-p2p-2,00336,0.427,0.000,0.665,0.290,3,0
jgAwJ0RqmYg,1142,0.485,0.273,0.839,0.956,1,28
cam9-xfr-2,00268,0.405,0.291,0.585,0.826,2,0
vfjywN5CN0Y,1034,0.465,0.086,0.941,0.988,1,34
cam13-xfr-1,00549,0.308,0.213,0.542,0.695,2,0
cam11-xfr-1,00073,0.000,0.226,0.224,0.774,2,0
cam13-p2p-1,00026,0.082,0.594,0.455,0.981,1,0
cam9-xfr-2,00379,0.600,0.272,0.822,0.864,2,0
cam13-p2p-2,00901,0.584,0.408,0.884,0.729,1,0
cam13-p2p-2,01224,0.140,0.369,0.423,0.733,3,0
9IF8uTRrWAM,1637,0.543,0.022,0.985,1.000,1,245
rJKeqfTlAeY,1786,0.217,0.055,0.898,0.954,1,180
HV0H6oc4Kvs,1462,0.245,0.070,0.844,0.984,3,103
cam5-p2p-2,00032,0.077,0.000,0.309,0.411,1,0
cam13-xfr-1,00636,0.776,0.187,0.983,0.592,2,0
r2llOyS-BmE,1048,0.099,0.286,0.426,0.980,1,70
cam6-p2p-2,00194,0.630,0.038,0.843,0.472,1,0
oWhvucAskhk,1323,0.856,0.178,0.988,0.683,3,376
vfjywN5CN0Y,1496,0.392,0.087,1.000,0.974,3,154
rCb9-U4TArw,1483,0.104,0.000,0.774,0.980,1,212
gjasEUDkbuc,1226,0.763,0.260,0.882,0.469,3,216
cam13-xfr-2,00356,0.593,0.119,0.837,0.705,2,0
cam11-xfr-1,00984,0.000,0.298,0.228,0.923,2,0
wogRuPNBUi8,1724,0.794,0.081,0.982,1.000,3,343
cam5-p2p-2,00351,0.013,0.186,0.245,0.702,1,0
cam9-xfr-2,00725,0.438,0.375,0.677,1.000,2,0
cam13-xfr-2,00741,0.827,0.200,0.999,0.665,2,0
cam9-xfr-2,00041,0.528,0.309,0.742,0.925,2,0
cam13-p2p-2,01028,0.121,0.426,0.384,0.769,1,0
cam13-p2p-2,01061,0.820,0.351,0.997,0.607,1,0
1ReZIMmD_8E,1079,0.350,0.209,0.565,0.992,1,26
cam13-p2p-1,00026,0.082,0.594,0.455,0.981,1,0
cam11-xfr-1,00285,0.045,0.167,0.325,0.803,2,0
gjasEUDkbuc,1452,0.624,0.515,0.761,0.768,1,354
cam11-xfr-1,01031,0.168,0.252,0.403,0.871,2,0
cam13-p2p-2,01156,0.380,0.402,0.639,0.751,1,0
xmqSaQPzL1E,1711,0.270,0.272,0.569,0.966,1,261
BY3sZmvUp-0,1020,0.499,0.287,0.802,0.530,1,43
cam13-p2p-2,01131,0.801,0.362,1.000,0.623,1,0
cam13-p2p-2,01094,0.585,0.334,0.853,0.747,1,0
gqmmpoO1JrY,0978,0.429,0.255,0.564,0.530,3,15
7g37N3eoQ9s,1112,0.146,0.063,0.482,0.987,3,55
cam13-xfr-1,00545,0.339,0.163,0.521,0.674,2,0
TM5MPJIq1Is,1749,0.228,0.230,0.476,0.827,3,319
cam13-xfr-2,00637,0.700,0.148,0.951,0.613,2,0
cam9-xfr-2,00049,0.394,0.416,0.672,0.853,2,0
cam13-xfr-2,00411,0.509,0.238,0.838,0.797,2,0
cam5-p2p-2,00195,0.104,0.018,0.383,0.822,1,0
cam13-p2p-2,00790,0.114,0.387,0.399,0.713,1,0
cam13-xfr-1,00201,0.361,0.208,0.706,0.753,2,0
cam13-xfr-1,00031,0.860,0.227,1.000,0.598,2,0
IKdBLciu_-A,1215,0.390,0.266,0.955,0.985,1,199
cam13-xfr-1,00153,0.440,0.199,0.674,0.634,2,0
phrYEKv0rmw,0996,0.619,0.385,0.995,0.963,1,66
cam13-xfr-2,00684,0.831,0.170,0.979,0.781,2,0
_-Z6wFjXtGQ,1129,0.557,0.019,0.943,0.991,3,67
xmqSaQPzL1E,1711,0.270,0.272,0.569,0.966,1,261
cam13-xfr-2,00500,0.223,0.196,0.473,0.784,2,0
cam13-xfr-1,00057,0.750,0.196,0.998,0.674,2,0
cam6-p2p-2,00410,0.032,0.042,0.165,0.336,3,0
HKjR70GCRPE,1630,0.444,0.191,0.891,0.996,1,402
cam13-p2p-2,00201,0.496,0.561,0.830,0.919,1,0
cam11-xfr-1,01082,0.304,0.232,0.541,0.858,2,0
cam13-xfr-1,00989,0.709,0.200,0.955,0.813,2,0
cam13-xfr-2,00672,0.552,0.130,0.819,0.716,2,0
fGgnNCbXZ20,1055,0.437,0.138,0.894,0.644,1,39
cam6-p2p-2,00192,0.639,0.051,0.914,0.490,1,0
BCiuXAuCKAU,1347,0.000,0.001,0.191,0.751,1,150
cam13-p2p-2,01202,0.420,0.389,0.716,0.764,1,0
cam9-xfr-2,00552,0.358,0.351,0.556,0.901,2,0
Ie35yEssHko,1479,0.282,0.099,0.532,0.989,1,230
cam13-xfr-2,00645,0.387,0.170,0.603,0.709,2,0
cam13-p2p-2,00837,0.590,0.283,0.855,0.746,1,0
9mLYmkonWZQ,1772,0.185,0.113,0.899,0.993,3,236
cam13-xfr-1,00577,0.367,0.000,0.557,0.411,2,0
cam13-xfr-2,00045,0.038,0.584,0.321,0.977,3,0
cam13-xfr-1,00568,0.315,0.140,0.582,0.737,2,0
cam11-xfr-1,00367,0.164,0.226,0.417,0.706,2,0
cam13-xfr-1,00417,0.586,0.197,0.881,0.790,2,0
cam5-p2p-2,00412,0.003,0.000,0.335,0.676,1,0
cam13-p2p-2,00966,0.529,0.439,0.836,0.751,1,0
cam9-xfr-2,00705,0.388,0.318,0.602,0.901,2,0
cam13-xfr-1,00481,0.595,0.190,0.807,0.632,2,0
Gfdg_GcaNe8,1332,0.591,0.016,0.994,1.000,3,171
cam13-p2p-2,01030,0.823,0.395,0.997,0.691,1,0
HVAmkvLrthQ,1619,0.561,0.312,0.754,0.775,3,436
cam13-p2p-2,01023,0.786,0.400,0.993,0.744,1,0
cam9-xfr-2,00891,0.391,0.302,0.642,0.870,2,0
cam13-xfr-2,00800,0.513,0.228,0.763,0.853,3,0
VRlpH1MbWUw,1068,0.000,0.047,0.741,0.984,3,53
053oq2xB3oU,1350,0.462,0.452,0.924,0.865,3,521
_ithRWANKB0,1171,0.000,0.014,0.456,1.000,1,279
C25wkwAMB-w,1637,0.377,0.044,0.838,0.978,1,248
cam9-xfr-2,00558,0.368,0.026,0.612,0.592,2,0
cam9-xfr-2,00228,0.309,0.331,0.554,0.818,2,0
HV0H6oc4Kvs,1699,0.783,0.197,0.945,0.939,3,170
YYWdB7h1INo,0922,0.601,0.384,0.685,0.682,3,12
cam13-xfr-2,00163,0.758,0.163,0.994,0.597,2,0
cam6-p2p-2,00186,0.369,0.685,0.661,0.996,1,0
cam13-p2p-2,00439,0.580,0.720,0.822,0.994,1,0
cam13-p2p-2,01137,0.361,0.420,0.646,0.777,1,0
cam13-p2p-2,00775,0.369,0.391,0.610,0.733,1,0
cam13-p2p-2,00921,0.807,0.371,0.997,0.660,1,0
x-6CtPWVi6E,1111,0.598,0.144,0.807,0.798,3,155
cam11-xfr-1,00827,0.002,0.028,0.155,0.379,2,0
S0tkhGJjwLA,1608,0.495,0.088,0.653,0.870,1,261
cam13-xfr-2,00783,0.716,0.216,1.000,0.593,2,0
cam13-xfr-1,00261,0.727,0.008,0.980,0.311,2,0
cam13-xfr-2,00243,0.823,0.213,1.000,0.779,2,0
cam13-xfr-1,00486,0.418,0.008,0.573,0.358,2,0
xp67EC-Hvwk,1594,0.253,0.055,0.726,0.983,3,247
cam13-p2p-2,01108,0.390,0.291,0.620,0.713,3,0
GozLjpMNADg,1744,0.000,0.000,0.173,0.965,3,997
cam11-xfr-1,01025,0.171,0.011,0.376,0.467,2,0
cam13-xfr-1,00689,0.725,0.184,0.983,0.719,2,0
cam9-xfr-2,00844,0.151,0.011,0.432,0.546,2,0
5LrOQEt_XVM,1630,0.055,0.185,0.399,0.988,3,287
kMy-6RtoOVU,1545,0.030,0.006,0.575,0.984,3,279
cam6-p2p-2,00173,0.632,0.356,0.933,0.801,1,0
cam13-p2p-1,00014,0.654,0.632,0.957,0.976,1,0
cam13-xfr-1,00163,0.557,0.172,0.794,0.799,2,0
cam13-xfr-1,00939,0.195,0.226,0.499,0.955,2,0
cam9-xfr-2,00299,0.328,0.013,0.526,0.636,2,0
xmqSaQPzL1E,1245,0.064,0.017,0.413,0.963,3,76
1ReZIMmD_8E,1079,0.350,0.209,0.565,0.992,1,26
2fwni_Kjf2M,1131,0.262,0.285,0.399,0.932,1,61
cam9-xfr-2,00285,0.486,0.293,0.674,0.818,2,0
cam13-p2p-2,00945,0.327,0.424,0.547,0.768,1,0
t1LXrJOvPDg,1133,0.570,0.326,0.794,0.978,3,104
8aMv-ZGD4ic,1255,0.615,0.279,0.886,0.979,3,53
cam13-xfr-2,00017,0.689,0.156,1.000,0.707,2,0
26V9UzqSguo,1759,0.623,0.221,0.783,0.695,1,520
cam13-xfr-2,00541,0.210,0.161,0.446,0.779,2,0
cam6-p2p-2,00260,0.146,0.113,0.475,0.571,3,0
cam13-xfr-1,00219,0.597,0.195,0.816,0.698,2,0
TM5MPJIq1Is,1014,0.531,0.165,0.766,0.714,1,36
cam13-xfr-2,00724,0.835,0.137,1.000,0.691,2,0
cam13-xfr-2,00584,0.376,0.233,0.589,0.770,2,0
OfMdakd4bHI,1507,0.446,0.185,0.695,0.816,1,391
